file_name,text
livretFernand_1_p0_l0.jpg,À COMPLÉTER
livretFernand_1_p0_l2.jpg,À COMPLÉTER
livretFernand_1_p0_l4.jpg,À COMPLÉTER
livretFernand_1_p0_l5.jpg,À COMPLÉTER
livretFernand_1_p0_l6.jpg,À COMPLÉTER
livretFernand_1_p0_l7.jpg,À COMPLÉTER
livretFernand_1_p0_l8.jpg,À COMPLÉTER
livretFernand_1_p0_l9.jpg,À COMPLÉTER
livretFernand_1_p0_l10.jpg,À COMPLÉTER
livretFernand_1_p0_l11.jpg,À COMPLÉTER
livretFernand_1_p0_l12.jpg,À COMPLÉTER
livretFernand_1_p0_l13.jpg,À COMPLÉTER
livretFernand_1_p0_l14.jpg,À COMPLÉTER
livretFernand_1_p0_l15.jpg,À COMPLÉTER
livretFernand_1_p0_l16.jpg,À COMPLÉTER
livretFernand_1_p0_l17.jpg,À COMPLÉTER
livretFernand_1_p0_l18.jpg,À COMPLÉTER
livretFernand_1_p0_l19.jpg,À COMPLÉTER
livretFernand_1_p0_l20.jpg,À COMPLÉTER
livretFernand_1_p0_l21.jpg,À COMPLÉTER
livretFernand_1_p0_l22.jpg,À COMPLÉTER
livretFernand_1_p0_l23.jpg,À COMPLÉTER
livretFernand_1_p0_l24.jpg,À COMPLÉTER
livretFernand_1_p0_l25.jpg,À COMPLÉTER
livretFernand_1_p0_l26.jpg,À COMPLÉTER
livretFernand_1_p0_l27.jpg,À COMPLÉTER
livretFernand_1_p0_l28.jpg,À COMPLÉTER
livretFernand_1_p0_l29.jpg,À COMPLÉTER
livretFernand_1_p0_l30.jpg,À COMPLÉTER
livretFernand_1_p0_l31.jpg,À COMPLÉTER
livretFernand_1_p0_l32.jpg,À COMPLÉTER
livretFernand_1_p0_l33.jpg,À COMPLÉTER
livretFernand_1_p0_l34.jpg,À COMPLÉTER
livretFernand_1_p0_l35.jpg,À COMPLÉTER
livretFernand_1_p0_l36.jpg,À COMPLÉTER
livretFernand_1_p0_l37.jpg,À COMPLÉTER
livretFernand_1_p0_l38.jpg,À COMPLÉTER
livretFernand_1_p0_l39.jpg,À COMPLÉTER
livretFernand_1_p0_l40.jpg,À COMPLÉTER
livretFernand_1_p0_l41.jpg,À COMPLÉTER
livretFernand_1_p0_l42.jpg,À COMPLÉTER
livretFernand_1_p0_l43.jpg,À COMPLÉTER
livretFernand_1_p0_l44.jpg,À COMPLÉTER
livretFernand_1_p0_l45.jpg,À COMPLÉTER
livretFernand_1_p0_l46.jpg,À COMPLÉTER
livretFernand_1_p0_l47.jpg,À COMPLÉTER
livretFernand_1_p0_l48.jpg,À COMPLÉTER
livretFernand_1_p0_l49.jpg,À COMPLÉTER
livretFernand_1_p0_l51.jpg,À COMPLÉTER
livretFernand_1_p0_l52.jpg,À COMPLÉTER
livretFernand_1_p0_l53.jpg,À COMPLÉTER
livretFernand_1_p0_l54.jpg,À COMPLÉTER
livretFernand_1_p0_l55.jpg,À COMPLÉTER
livretFernand_1_p0_l56.jpg,À COMPLÉTER
livretFernand_1_p0_l57.jpg,À COMPLÉTER
livretFernand_1_p0_l58.jpg,À COMPLÉTER
livretFernand_1_p0_l59.jpg,À COMPLÉTER
livretFernand_1_p0_l60.jpg,À COMPLÉTER
livretFernand_1_p0_l61.jpg,À COMPLÉTER
livretFernand_1_p0_l62.jpg,À COMPLÉTER
livretFernand_1_p0_l63.jpg,À COMPLÉTER
livretFernand_1_p0_l64.jpg,À COMPLÉTER
livretFernand_1_p0_l65.jpg,À COMPLÉTER
livretFernand_1_p0_l66.jpg,À COMPLÉTER
livretFernand_1_p0_l68.jpg,À COMPLÉTER
livretFernand_1_p0_l69.jpg,À COMPLÉTER
livretFernand_1_p0_l70.jpg,À COMPLÉTER
livretFernand_1_p0_l71.jpg,À COMPLÉTER
livretFernand_1_p0_l72.jpg,À COMPLÉTER
livretFernand_1_p0_l73.jpg,À COMPLÉTER
livretFernand_1_p0_l76.jpg,À COMPLÉTER
livretFernand_1_p0_l77.jpg,À COMPLÉTER
livretFernand_1_p0_l78.jpg,À COMPLÉTER
livretFernand_1_p0_l79.jpg,À COMPLÉTER
livretFernand_1_p0_l80.jpg,À COMPLÉTER
livretFernand_1_p0_l81.jpg,À COMPLÉTER
livretFernand_1_p0_l82.jpg,À COMPLÉTER
livretFernand_1_p0_l83.jpg,À COMPLÉTER
livretFernand_1_p0_l84.jpg,À COMPLÉTER
livretFernand_1_p0_l85.jpg,À COMPLÉTER
livretFernand_1_p0_l86.jpg,À COMPLÉTER
livretFernand_1_p0_l87.jpg,À COMPLÉTER
livretFernand_1_p0_l88.jpg,À COMPLÉTER
livretFernand_1_p0_l89.jpg,À COMPLÉTER
livretFernand_1_p0_l90.jpg,À COMPLÉTER
livretFernand_1_p0_l91.jpg,À COMPLÉTER
livretFernand_1_p0_l92.jpg,À COMPLÉTER
livretFernand_1_p0_l93.jpg,À COMPLÉTER
livretFernand_1_p0_l94.jpg,À COMPLÉTER
livretFernand_1_p0_l95.jpg,À COMPLÉTER
livretFernand_1_p0_l96.jpg,À COMPLÉTER
livretFernand_1_p0_l97.jpg,À COMPLÉTER
livretFernand_1_p0_l98.jpg,À COMPLÉTER
livretFernand_1_p0_l99.jpg,À COMPLÉTER
livretFernand_1_p0_l101.jpg,À COMPLÉTER
livretFernand_1_p0_l102.jpg,À COMPLÉTER
livretFernand_1_p0_l103.jpg,À COMPLÉTER
livretFernand_1_p0_l105.jpg,À COMPLÉTER
livretFernand_1_p0_l106.jpg,À COMPLÉTER
livretFernand_1_p0_l107.jpg,À COMPLÉTER
livretFernand_1_p0_l108.jpg,À COMPLÉTER
livretFernand_1_p0_l109.jpg,À COMPLÉTER
livretFernand_1_p0_l111.jpg,À COMPLÉTER
livretFernand_1_p0_l112.jpg,À COMPLÉTER
livretFernand_1_p0_l113.jpg,À COMPLÉTER
livretFernand_1_p0_l114.jpg,À COMPLÉTER
livretFernand_1_p0_l115.jpg,À COMPLÉTER
livretFernand_1_p0_l116.jpg,À COMPLÉTER
livretFernand_1_p0_l119.jpg,À COMPLÉTER
livretFernand_1_p0_l120.jpg,À COMPLÉTER
livretFernand_1_p0_l121.jpg,À COMPLÉTER
livretFernand_1_p0_l124.jpg,À COMPLÉTER
livretFernand_1_p0_l125.jpg,À COMPLÉTER
livretFernand_1_p0_l126.jpg,À COMPLÉTER
livretFernand_1_p0_l127.jpg,À COMPLÉTER
livretFernand_1_p0_l128.jpg,À COMPLÉTER
livretFernand_1_p0_l129.jpg,À COMPLÉTER
livretFernand_1_p0_l130.jpg,À COMPLÉTER
livretFernand_1_p0_l132.jpg,À COMPLÉTER
livretFernand_1_p0_l133.jpg,À COMPLÉTER
livretFernand_1_p0_l134.jpg,À COMPLÉTER
livretFernand_1_p0_l135.jpg,À COMPLÉTER
livretFernand_1_p0_l136.jpg,À COMPLÉTER
livretFernand_1_p0_l137.jpg,À COMPLÉTER
livretFernand_1_p0_l138.jpg,À COMPLÉTER
livretFernand_1_p0_l139.jpg,À COMPLÉTER
livretFernand_1_p0_l140.jpg,À COMPLÉTER
livretFernand_1_p0_l141.jpg,À COMPLÉTER
livretFernand_1_p0_l142.jpg,À COMPLÉTER
livretFernand_1_p0_l143.jpg,À COMPLÉTER
livretFernand_1_p0_l144.jpg,À COMPLÉTER
livretFernand_1_p0_l145.jpg,À COMPLÉTER
livretFernand_1_p0_l146.jpg,À COMPLÉTER
livretFernand_1_p0_l148.jpg,À COMPLÉTER
livretFernand_1_p0_l149.jpg,À COMPLÉTER
livretFernand_1_p0_l150.jpg,À COMPLÉTER
livretFernand_1_p0_l151.jpg,À COMPLÉTER
livretFernand_1_p0_l152.jpg,À COMPLÉTER
livretFernand_1_p0_l153.jpg,À COMPLÉTER
livretFernand_1_p0_l154.jpg,À COMPLÉTER
livretFernand_1_p0_l155.jpg,À COMPLÉTER
livretFernand_1_p0_l156.jpg,À COMPLÉTER
livretFernand_1_p0_l157.jpg,À COMPLÉTER
livretFernand_1_p0_l158.jpg,À COMPLÉTER
livretFernand_1_p0_l159.jpg,À COMPLÉTER
livretFernand_1_p0_l160.jpg,À COMPLÉTER
livretFernand_1_p0_l161.jpg,À COMPLÉTER
livretFernand_1_p0_l162.jpg,À COMPLÉTER
livretFernand_1_p0_l163.jpg,À COMPLÉTER
livretFernand_1_p0_l164.jpg,À COMPLÉTER
livretFernand_1_p0_l165.jpg,À COMPLÉTER
livretFernand_1_p0_l166.jpg,À COMPLÉTER
livretFernand_1_p0_l167.jpg,À COMPLÉTER
livretFernand_1_p0_l168.jpg,À COMPLÉTER
livretFernand_1_p0_l169.jpg,À COMPLÉTER
livretFernand_1_p0_l170.jpg,À COMPLÉTER
livretFernand_1_p0_l171.jpg,À COMPLÉTER
livretFernand_1_p0_l172.jpg,À COMPLÉTER
livretFernand_1_p0_l173.jpg,À COMPLÉTER
livretFernand_1_p0_l174.jpg,À COMPLÉTER
livretFernand_1_p0_l175.jpg,À COMPLÉTER
livretFernand_1_p0_l176.jpg,À COMPLÉTER
livretFernand_1_p0_l177.jpg,À COMPLÉTER
livretFernand_1_p0_l178.jpg,À COMPLÉTER
livretFernand_1_p0_l179.jpg,À COMPLÉTER
livretFernand_1_p0_l180.jpg,À COMPLÉTER
livretFernand_1_p0_l181.jpg,À COMPLÉTER
livretFernand_1_p0_l182.jpg,À COMPLÉTER
livretFernand_1_p0_l183.jpg,À COMPLÉTER
livretFernand_1_p0_l184.jpg,À COMPLÉTER
livretFernand_1_p0_l185.jpg,À COMPLÉTER
livretFernand_1_p0_l188.jpg,À COMPLÉTER
livretFernand_1_p0_l189.jpg,À COMPLÉTER
livretFernand_1_p0_l190.jpg,À COMPLÉTER
livretFernand_1_p0_l191.jpg,À COMPLÉTER
livretFernand_1_p0_l192.jpg,À COMPLÉTER
livretFernand_1_p0_l193.jpg,À COMPLÉTER
livretFernand_1_p0_l194.jpg,À COMPLÉTER
livretFernand_1_p0_l195.jpg,À COMPLÉTER
livretFernand_1_p0_l196.jpg,À COMPLÉTER
livretFernand_1_p0_l197.jpg,À COMPLÉTER
livretFernand_1_p0_l199.jpg,À COMPLÉTER
livretFernand_1_p0_l200.jpg,À COMPLÉTER
livretFernand_1_p0_l201.jpg,À COMPLÉTER
livretFernand_1_p0_l202.jpg,À COMPLÉTER
livretFernand_1_p0_l203.jpg,À COMPLÉTER
livretFernand_1_p0_l204.jpg,À COMPLÉTER
livretFernand_1_p0_l205.jpg,À COMPLÉTER
livretFernand_1_p0_l206.jpg,À COMPLÉTER
livretFernand_1_p0_l207.jpg,À COMPLÉTER
livretFernand_1_p0_l208.jpg,À COMPLÉTER
livretFernand_1_p0_l211.jpg,À COMPLÉTER
livretFernand_1_p0_l212.jpg,À COMPLÉTER
livretFernand_1_p0_l214.jpg,À COMPLÉTER
livretFernand_1_p0_l215.jpg,À COMPLÉTER
livretFernand_1_p0_l216.jpg,À COMPLÉTER
livretFernand_1_p0_l217.jpg,À COMPLÉTER
livretFernand_1_p0_l219.jpg,À COMPLÉTER
livretFernand_1_p0_l220.jpg,À COMPLÉTER
livretFernand_1_p0_l221.jpg,À COMPLÉTER
livretFernand_1_p0_l223.jpg,À COMPLÉTER
livretFernand_1_p0_l224.jpg,À COMPLÉTER
livretFernand_1_p0_l226.jpg,À COMPLÉTER
livretFernand_1_p0_l227.jpg,À COMPLÉTER
livretFernand_1_p0_l229.jpg,À COMPLÉTER
livretFernand_1_p0_l230.jpg,À COMPLÉTER
livretFernand_1_p0_l231.jpg,À COMPLÉTER
livretFernand_1_p0_l232.jpg,À COMPLÉTER
livretFernand_1_p0_l233.jpg,À COMPLÉTER
livretFernand_1_p0_l234.jpg,À COMPLÉTER
livretFernand_1_p0_l235.jpg,À COMPLÉTER
livretFernand_1_p0_l236.jpg,À COMPLÉTER
livretFernand_1_p0_l237.jpg,À COMPLÉTER
livretFernand_1_p0_l238.jpg,À COMPLÉTER
livretFernand_1_p0_l239.jpg,À COMPLÉTER
livretFernand_1_p0_l240.jpg,À COMPLÉTER
livretFernand_1_p0_l241.jpg,À COMPLÉTER
livretFernand_1_p0_l242.jpg,À COMPLÉTER
livretFernand_1_p0_l243.jpg,À COMPLÉTER
livretFernand_1_p0_l244.jpg,À COMPLÉTER
livretFernand_1_p0_l245.jpg,À COMPLÉTER
livretFernand_1_p0_l246.jpg,À COMPLÉTER
livretFernand_1_p0_l247.jpg,À COMPLÉTER
livretFernand_1_p0_l248.jpg,À COMPLÉTER
livretFernand_1_p0_l249.jpg,À COMPLÉTER
livretFernand_1_p0_l250.jpg,À COMPLÉTER
livretFernand_1_p0_l251.jpg,À COMPLÉTER
livretFernand_1_p0_l253.jpg,À COMPLÉTER
livretFernand_1_p0_l254.jpg,À COMPLÉTER
livretFernand_1_p0_l255.jpg,À COMPLÉTER
livretFernand_1_p0_l257.jpg,À COMPLÉTER
livretFernand_1_p0_l259.jpg,À COMPLÉTER
livretFernand_1_p0_l260.jpg,À COMPLÉTER
livretFernand_1_p0_l261.jpg,À COMPLÉTER
livretFernand_1_p0_l262.jpg,À COMPLÉTER
livretFernand_1_p0_l264.jpg,À COMPLÉTER
livretFernand_1_p0_l265.jpg,À COMPLÉTER
livretFernand_1_p0_l266.jpg,À COMPLÉTER
livretFernand_1_p0_l267.jpg,À COMPLÉTER
livretFernand_1_p0_l268.jpg,À COMPLÉTER
livretFernand_1_p0_l269.jpg,À COMPLÉTER
livretFernand_1_p0_l270.jpg,À COMPLÉTER
livretFernand_1_p0_l271.jpg,À COMPLÉTER
livretFernand_1_p0_l272.jpg,À COMPLÉTER
livretFernand_1_p0_l273.jpg,À COMPLÉTER
livretFernand_1_p0_l274.jpg,À COMPLÉTER
livretFernand_1_p0_l275.jpg,À COMPLÉTER
livretFernand_1_p0_l276.jpg,À COMPLÉTER
livretFernand_1_p0_l277.jpg,À COMPLÉTER
livretFernand_1_p0_l280.jpg,À COMPLÉTER
livretFernand_1_p0_l281.jpg,À COMPLÉTER
livretFernand_1_p0_l282.jpg,À COMPLÉTER
livretFernand_1_p0_l283.jpg,À COMPLÉTER
livretFernand_1_p0_l286.jpg,À COMPLÉTER
livretFernand_1_p0_l287.jpg,À COMPLÉTER
livretFernand_1_p0_l288.jpg,À COMPLÉTER
livretFernand_1_p0_l290.jpg,À COMPLÉTER
livretFernand_1_p0_l291.jpg,À COMPLÉTER
livretFernand_1_p0_l292.jpg,À COMPLÉTER
livretFernand_1_p0_l293.jpg,À COMPLÉTER
livretFernand_1_p0_l294.jpg,À COMPLÉTER
livretFernand_1_p0_l296.jpg,À COMPLÉTER
livretFernand_1_p0_l297.jpg,À COMPLÉTER
livretFernand_1_p0_l298.jpg,À COMPLÉTER
livretFernand_1_p0_l299.jpg,À COMPLÉTER
livretFernand_1_p0_l300.jpg,À COMPLÉTER
livretFernand_1_p0_l301.jpg,À COMPLÉTER
livretFernand_1_p0_l302.jpg,À COMPLÉTER
livretFernand_1_p0_l303.jpg,À COMPLÉTER
livretFernand_1_p0_l304.jpg,À COMPLÉTER
livretFernand_1_p0_l305.jpg,À COMPLÉTER
livretFernand_1_p0_l306.jpg,À COMPLÉTER
livretFernand_1_p0_l307.jpg,À COMPLÉTER
livretFernand_1_p0_l308.jpg,À COMPLÉTER
livretFernand_1_p0_l309.jpg,À COMPLÉTER
livretFernand_1_p0_l310.jpg,À COMPLÉTER
livretFernand_1_p0_l311.jpg,À COMPLÉTER
livretFernand_1_p0_l312.jpg,À COMPLÉTER
livretFernand_1_p0_l313.jpg,À COMPLÉTER
livretFernand_1_p0_l315.jpg,À COMPLÉTER
livretFernand_1_p0_l316.jpg,À COMPLÉTER
livretFernand_1_p0_l318.jpg,À COMPLÉTER
livretFernand_1_p0_l320.jpg,À COMPLÉTER
livretFernand_1_p0_l322.jpg,À COMPLÉTER
livretFernand_1_p0_l323.jpg,À COMPLÉTER
livretFernand_1_p0_l324.jpg,À COMPLÉTER
livretFernand_1_p0_l325.jpg,À COMPLÉTER
livretFernand_1_p0_l326.jpg,À COMPLÉTER
livretFernand_1_p0_l327.jpg,À COMPLÉTER
livretFernand_1_p0_l328.jpg,À COMPLÉTER
livretFernand_1_p1_l0.jpg,À COMPLÉTER
livretFernand_1_p1_l1.jpg,À COMPLÉTER
livretFernand_1_p1_l2.jpg,À COMPLÉTER
livretFernand_1_p1_l3.jpg,À COMPLÉTER
livretFernand_1_p1_l4.jpg,À COMPLÉTER
livretFernand_1_p1_l5.jpg,À COMPLÉTER
livretFernand_1_p1_l6.jpg,À COMPLÉTER
livretFernand_1_p1_l7.jpg,À COMPLÉTER
livretFernand_1_p1_l8.jpg,À COMPLÉTER
livretFernand_1_p1_l9.jpg,À COMPLÉTER
livretFernand_1_p1_l10.jpg,À COMPLÉTER
livretFernand_1_p1_l11.jpg,À COMPLÉTER
livretFernand_1_p1_l12.jpg,À COMPLÉTER
livretFernand_1_p1_l13.jpg,À COMPLÉTER
livretFernand_1_p1_l14.jpg,À COMPLÉTER
livretFernand_1_p1_l15.jpg,À COMPLÉTER
livretFernand_1_p1_l16.jpg,À COMPLÉTER
livretFernand_1_p1_l17.jpg,À COMPLÉTER
livretFernand_1_p1_l18.jpg,À COMPLÉTER
livretFernand_1_p1_l19.jpg,À COMPLÉTER
livretFernand_1_p1_l20.jpg,À COMPLÉTER
livretFernand_1_p1_l21.jpg,À COMPLÉTER
livretFernand_1_p1_l22.jpg,À COMPLÉTER
livretFernand_1_p1_l23.jpg,À COMPLÉTER
livretFernand_1_p1_l24.jpg,À COMPLÉTER
livretFernand_1_p1_l25.jpg,À COMPLÉTER
livretFernand_1_p1_l26.jpg,À COMPLÉTER
livretFernand_1_p1_l27.jpg,À COMPLÉTER
livretFernand_1_p1_l28.jpg,À COMPLÉTER
livretFernand_1_p1_l29.jpg,À COMPLÉTER
livretFernand_1_p1_l30.jpg,À COMPLÉTER
livretFernand_1_p1_l31.jpg,À COMPLÉTER
livretFernand_1_p1_l33.jpg,À COMPLÉTER
livretFernand_1_p1_l34.jpg,À COMPLÉTER
livretFernand_1_p1_l35.jpg,À COMPLÉTER
livretFernand_1_p1_l36.jpg,À COMPLÉTER
livretFernand_1_p1_l37.jpg,À COMPLÉTER
livretFernand_1_p1_l38.jpg,À COMPLÉTER
livretFernand_1_p1_l39.jpg,À COMPLÉTER
livretFernand_1_p1_l40.jpg,À COMPLÉTER
livretFernand_1_p1_l41.jpg,À COMPLÉTER
livretFernand_1_p1_l43.jpg,À COMPLÉTER
livretFernand_1_p1_l44.jpg,À COMPLÉTER
livretFernand_1_p1_l45.jpg,À COMPLÉTER
livretFernand_1_p1_l46.jpg,À COMPLÉTER
livretFernand_1_p1_l47.jpg,À COMPLÉTER
livretFernand_1_p1_l48.jpg,À COMPLÉTER
livretFernand_1_p1_l49.jpg,À COMPLÉTER
livretFernand_1_p1_l50.jpg,À COMPLÉTER
livretFernand_1_p1_l51.jpg,À COMPLÉTER
livretFernand_1_p1_l52.jpg,À COMPLÉTER
livretFernand_1_p1_l53.jpg,À COMPLÉTER
livretFernand_1_p1_l55.jpg,À COMPLÉTER
livretFernand_1_p1_l56.jpg,À COMPLÉTER
livretFernand_1_p1_l57.jpg,À COMPLÉTER
livretFernand_1_p1_l58.jpg,À COMPLÉTER
livretFernand_1_p1_l59.jpg,À COMPLÉTER
livretFernand_1_p1_l60.jpg,À COMPLÉTER
livretFernand_1_p1_l61.jpg,À COMPLÉTER
livretFernand_1_p1_l62.jpg,À COMPLÉTER
livretFernand_1_p1_l63.jpg,À COMPLÉTER
livretFernand_1_p1_l64.jpg,À COMPLÉTER
livretFernand_1_p1_l65.jpg,À COMPLÉTER
livretFernand_1_p1_l66.jpg,À COMPLÉTER
livretFernand_1_p1_l67.jpg,À COMPLÉTER
livretFernand_1_p1_l68.jpg,À COMPLÉTER
livretFernand_1_p1_l69.jpg,À COMPLÉTER
livretFernand_1_p1_l70.jpg,À COMPLÉTER
livretFernand_1_p1_l72.jpg,À COMPLÉTER
livretFernand_1_p1_l73.jpg,À COMPLÉTER
livretFernand_1_p1_l74.jpg,À COMPLÉTER
livretFernand_1_p1_l75.jpg,À COMPLÉTER
livretFernand_1_p1_l76.jpg,À COMPLÉTER
livretFernand_1_p1_l77.jpg,À COMPLÉTER
livretFernand_1_p1_l78.jpg,À COMPLÉTER
livretFernand_1_p1_l79.jpg,À COMPLÉTER
livretFernand_1_p1_l80.jpg,À COMPLÉTER
livretFernand_1_p1_l81.jpg,À COMPLÉTER
livretFernand_1_p1_l82.jpg,À COMPLÉTER
livretFernand_1_p1_l83.jpg,À COMPLÉTER
livretFernand_1_p1_l84.jpg,À COMPLÉTER
livretFernand_1_p1_l85.jpg,À COMPLÉTER
livretFernand_1_p1_l86.jpg,À COMPLÉTER
livretFernand_1_p1_l87.jpg,À COMPLÉTER
livretFernand_1_p1_l88.jpg,À COMPLÉTER
livretFernand_1_p1_l89.jpg,À COMPLÉTER
livretFernand_1_p1_l90.jpg,À COMPLÉTER
livretFernand_1_p1_l94.jpg,À COMPLÉTER
livretFernand_1_p1_l95.jpg,À COMPLÉTER
livretFernand_1_p1_l96.jpg,À COMPLÉTER
livretFernand_1_p1_l97.jpg,À COMPLÉTER
livretFernand_1_p1_l98.jpg,À COMPLÉTER
livretFernand_1_p1_l99.jpg,À COMPLÉTER
livretFernand_1_p1_l100.jpg,À COMPLÉTER
livretFernand_1_p1_l101.jpg,À COMPLÉTER
livretFernand_1_p1_l102.jpg,À COMPLÉTER
livretFernand_1_p1_l103.jpg,À COMPLÉTER
livretFernand_1_p1_l104.jpg,À COMPLÉTER
livretFernand_1_p1_l105.jpg,À COMPLÉTER
livretFernand_1_p1_l107.jpg,À COMPLÉTER
livretFernand_1_p1_l108.jpg,À COMPLÉTER
livretFernand_1_p1_l109.jpg,À COMPLÉTER
livretFernand_1_p1_l112.jpg,À COMPLÉTER
livretFernand_1_p1_l113.jpg,À COMPLÉTER
livretFernand_1_p1_l114.jpg,À COMPLÉTER
livretFernand_1_p1_l115.jpg,À COMPLÉTER
livretFernand_1_p1_l116.jpg,À COMPLÉTER
livretFernand_1_p1_l117.jpg,À COMPLÉTER
livretFernand_1_p1_l118.jpg,À COMPLÉTER
livretFernand_1_p1_l119.jpg,À COMPLÉTER
livretFernand_1_p1_l120.jpg,À COMPLÉTER
livretFernand_1_p1_l121.jpg,À COMPLÉTER
livretFernand_1_p1_l122.jpg,À COMPLÉTER
livretFernand_1_p1_l123.jpg,À COMPLÉTER
livretFernand_1_p1_l124.jpg,À COMPLÉTER
livretFernand_1_p1_l125.jpg,À COMPLÉTER
livretFernand_1_p1_l126.jpg,À COMPLÉTER
livretFernand_1_p1_l127.jpg,À COMPLÉTER
livretFernand_1_p1_l128.jpg,À COMPLÉTER
livretFernand_1_p1_l129.jpg,À COMPLÉTER
livretFernand_1_p1_l130.jpg,À COMPLÉTER
livretFernand_1_p1_l131.jpg,À COMPLÉTER
livretFernand_1_p1_l132.jpg,À COMPLÉTER
livretFernand_1_p1_l133.jpg,À COMPLÉTER
livretFernand_1_p1_l134.jpg,À COMPLÉTER
livretFernand_1_p1_l135.jpg,À COMPLÉTER
livretFernand_1_p1_l136.jpg,À COMPLÉTER
livretFernand_1_p1_l137.jpg,À COMPLÉTER
livretFernand_1_p1_l138.jpg,À COMPLÉTER
livretFernand_1_p1_l139.jpg,À COMPLÉTER
livretFernand_1_p1_l140.jpg,À COMPLÉTER
livretFernand_1_p1_l141.jpg,À COMPLÉTER
livretFernand_1_p1_l142.jpg,À COMPLÉTER
livretFernand_1_p1_l143.jpg,À COMPLÉTER
livretFernand_1_p1_l145.jpg,À COMPLÉTER
livretFernand_1_p1_l147.jpg,À COMPLÉTER
livretFernand_1_p1_l148.jpg,À COMPLÉTER
livretFernand_1_p1_l150.jpg,À COMPLÉTER
livretFernand_1_p1_l151.jpg,À COMPLÉTER
livretFernand_1_p1_l152.jpg,À COMPLÉTER
livretFernand_1_p1_l153.jpg,À COMPLÉTER
livretFernand_1_p1_l154.jpg,À COMPLÉTER
livretFernand_1_p1_l155.jpg,À COMPLÉTER
livretFernand_1_p1_l156.jpg,À COMPLÉTER
livretFernand_1_p1_l157.jpg,À COMPLÉTER
livretFernand_1_p1_l159.jpg,À COMPLÉTER
livretFernand_1_p1_l160.jpg,À COMPLÉTER
livretFernand_1_p1_l161.jpg,À COMPLÉTER
livretFernand_1_p1_l162.jpg,À COMPLÉTER
livretFernand_1_p1_l163.jpg,À COMPLÉTER
livretFernand_1_p1_l164.jpg,À COMPLÉTER
livretFernand_1_p1_l165.jpg,À COMPLÉTER
livretFernand_1_p1_l166.jpg,À COMPLÉTER
livretFernand_1_p1_l167.jpg,À COMPLÉTER
livretFernand_1_p1_l168.jpg,À COMPLÉTER
livretFernand_1_p1_l169.jpg,À COMPLÉTER
livretFernand_1_p1_l170.jpg,À COMPLÉTER
livretFernand_1_p1_l171.jpg,À COMPLÉTER
livretFernand_1_p1_l172.jpg,À COMPLÉTER
livretFernand_1_p1_l173.jpg,À COMPLÉTER
livretFernand_1_p1_l174.jpg,À COMPLÉTER
livretFernand_1_p1_l175.jpg,À COMPLÉTER
livretFernand_1_p1_l176.jpg,À COMPLÉTER
livretFernand_1_p1_l177.jpg,À COMPLÉTER
livretFernand_1_p1_l178.jpg,À COMPLÉTER
livretFernand_1_p1_l179.jpg,À COMPLÉTER
livretFernand_1_p1_l180.jpg,À COMPLÉTER
livretFernand_1_p1_l181.jpg,À COMPLÉTER
livretFernand_1_p1_l182.jpg,À COMPLÉTER
livretFernand_1_p1_l183.jpg,À COMPLÉTER
livretFernand_1_p1_l184.jpg,À COMPLÉTER
livretFernand_1_p1_l185.jpg,À COMPLÉTER
livretFernand_1_p1_l186.jpg,À COMPLÉTER
livretFernand_1_p1_l187.jpg,À COMPLÉTER
livretFernand_1_p1_l190.jpg,À COMPLÉTER
livretFernand_1_p1_l191.jpg,À COMPLÉTER
livretFernand_1_p1_l192.jpg,À COMPLÉTER
livretFernand_1_p1_l193.jpg,À COMPLÉTER
livretFernand_1_p1_l195.jpg,À COMPLÉTER
livretFernand_1_p1_l196.jpg,À COMPLÉTER
livretFernand_1_p1_l197.jpg,À COMPLÉTER
livretFernand_1_p1_l198.jpg,À COMPLÉTER
livretFernand_1_p1_l199.jpg,À COMPLÉTER
livretFernand_1_p1_l200.jpg,À COMPLÉTER
livretFernand_1_p1_l201.jpg,À COMPLÉTER
livretFernand_1_p1_l202.jpg,À COMPLÉTER
livretFernand_1_p1_l203.jpg,À COMPLÉTER
livretFernand_1_p1_l204.jpg,À COMPLÉTER
livretFernand_1_p1_l205.jpg,À COMPLÉTER
livretFernand_1_p1_l206.jpg,À COMPLÉTER
livretFernand_1_p1_l207.jpg,À COMPLÉTER
livretFernand_1_p1_l208.jpg,À COMPLÉTER
livretFernand_1_p1_l209.jpg,À COMPLÉTER
livretFernand_1_p1_l210.jpg,À COMPLÉTER
livretFernand_1_p1_l211.jpg,À COMPLÉTER
livretFernand_1_p1_l216.jpg,À COMPLÉTER
livretFernand_1_p1_l217.jpg,À COMPLÉTER
livretFernand_1_p1_l218.jpg,À COMPLÉTER
livretFernand_1_p1_l219.jpg,À COMPLÉTER
livretFernand_1_p1_l222.jpg,À COMPLÉTER
livretFernand_1_p1_l223.jpg,À COMPLÉTER
livretFernand_1_p1_l224.jpg,À COMPLÉTER
livretFernand_1_p1_l225.jpg,À COMPLÉTER
livretFernand_1_p1_l226.jpg,À COMPLÉTER
livretFernand_1_p1_l228.jpg,À COMPLÉTER
livretFernand_1_p1_l229.jpg,À COMPLÉTER
livretFernand_1_p1_l230.jpg,À COMPLÉTER
livretFernand_1_p1_l231.jpg,À COMPLÉTER
livretFernand_1_p1_l232.jpg,À COMPLÉTER
livretFernand_1_p1_l233.jpg,À COMPLÉTER
livretFernand_1_p1_l234.jpg,À COMPLÉTER
livretFernand_1_p1_l235.jpg,À COMPLÉTER
livretFernand_1_p1_l236.jpg,À COMPLÉTER
livretFernand_1_p1_l237.jpg,À COMPLÉTER
livretFernand_1_p1_l238.jpg,À COMPLÉTER
livretFernand_1_p1_l239.jpg,À COMPLÉTER
livretFernand_1_p1_l240.jpg,À COMPLÉTER
livretFernand_1_p1_l241.jpg,À COMPLÉTER
livretFernand_1_p1_l242.jpg,À COMPLÉTER
livretFernand_1_p1_l243.jpg,À COMPLÉTER
livretFernand_1_p1_l244.jpg,À COMPLÉTER
livretFernand_1_p1_l245.jpg,À COMPLÉTER
livretFernand_1_p1_l246.jpg,À COMPLÉTER
livretFernand_1_p1_l247.jpg,À COMPLÉTER
livretFernand_1_p1_l249.jpg,À COMPLÉTER
livretFernand_1_p1_l250.jpg,À COMPLÉTER
livretFernand_1_p1_l251.jpg,À COMPLÉTER
livretFernand_1_p1_l252.jpg,À COMPLÉTER
livretFernand_1_p1_l253.jpg,À COMPLÉTER
livretFernand_1_p1_l254.jpg,À COMPLÉTER
livretFernand_1_p1_l255.jpg,À COMPLÉTER
livretFernand_1_p1_l256.jpg,À COMPLÉTER
livretFernand_1_p1_l258.jpg,À COMPLÉTER
livretFernand_1_p1_l259.jpg,À COMPLÉTER
livretFernand_1_p1_l260.jpg,À COMPLÉTER
livretFernand_1_p1_l261.jpg,À COMPLÉTER
livretFernand_1_p1_l262.jpg,À COMPLÉTER
livretFernand_1_p1_l263.jpg,À COMPLÉTER
livretFernand_1_p1_l264.jpg,À COMPLÉTER
livretFernand_1_p1_l266.jpg,À COMPLÉTER
livretFernand_1_p1_l267.jpg,À COMPLÉTER
livretFernand_1_p1_l268.jpg,À COMPLÉTER
livretFernand_1_p1_l269.jpg,À COMPLÉTER
livretFernand_1_p1_l270.jpg,À COMPLÉTER
livretFernand_1_p1_l271.jpg,À COMPLÉTER
livretFernand_1_p1_l272.jpg,À COMPLÉTER
livretFernand_1_p1_l273.jpg,À COMPLÉTER
livretFernand_1_p1_l274.jpg,À COMPLÉTER
livretFernand_1_p1_l275.jpg,À COMPLÉTER
livretFernand_1_p1_l276.jpg,À COMPLÉTER
livretFernand_1_p1_l277.jpg,À COMPLÉTER
livretFernand_1_p1_l278.jpg,À COMPLÉTER
livretFernand_1_p1_l279.jpg,À COMPLÉTER
livretFernand_1_p1_l281.jpg,À COMPLÉTER
livretFernand_1_p1_l282.jpg,À COMPLÉTER
livretFernand_1_p1_l283.jpg,À COMPLÉTER
livretFernand_1_p1_l284.jpg,À COMPLÉTER
livretFernand_1_p1_l285.jpg,À COMPLÉTER
livretFernand_1_p1_l287.jpg,À COMPLÉTER
livretFernand_1_p1_l290.jpg,À COMPLÉTER
livretFernand_1_p1_l291.jpg,À COMPLÉTER
livretFernand_1_p1_l292.jpg,À COMPLÉTER
livretFernand_1_p1_l293.jpg,À COMPLÉTER
livretFernand_1_p1_l294.jpg,À COMPLÉTER
livretFernand_1_p1_l295.jpg,À COMPLÉTER
livretFernand_1_p1_l296.jpg,À COMPLÉTER
livretFernand_1_p1_l297.jpg,À COMPLÉTER
livretFernand_1_p1_l298.jpg,À COMPLÉTER
livretFernand_1_p1_l299.jpg,À COMPLÉTER
livretFernand_1_p1_l300.jpg,À COMPLÉTER
livretFernand_1_p1_l301.jpg,À COMPLÉTER
livretFernand_1_p1_l302.jpg,À COMPLÉTER
livretFernand_1_p2_l0.jpg,À COMPLÉTER
livretFernand_1_p2_l1.jpg,À COMPLÉTER
livretFernand_1_p2_l2.jpg,À COMPLÉTER
livretFernand_1_p2_l3.jpg,À COMPLÉTER
livretFernand_1_p2_l4.jpg,À COMPLÉTER
livretFernand_1_p2_l5.jpg,À COMPLÉTER
livretFernand_1_p2_l6.jpg,À COMPLÉTER
livretFernand_1_p2_l7.jpg,À COMPLÉTER
livretFernand_1_p2_l8.jpg,À COMPLÉTER
livretFernand_1_p2_l9.jpg,À COMPLÉTER
livretFernand_1_p2_l10.jpg,À COMPLÉTER
livretFernand_1_p2_l11.jpg,À COMPLÉTER
livretFernand_1_p2_l12.jpg,À COMPLÉTER
livretFernand_1_p2_l13.jpg,À COMPLÉTER
livretFernand_1_p2_l14.jpg,À COMPLÉTER
livretFernand_1_p2_l15.jpg,À COMPLÉTER
livretFernand_1_p2_l16.jpg,À COMPLÉTER
livretFernand_1_p2_l17.jpg,À COMPLÉTER
livretFernand_1_p2_l18.jpg,À COMPLÉTER
livretFernand_1_p2_l19.jpg,À COMPLÉTER
livretFernand_1_p2_l20.jpg,À COMPLÉTER
livretFernand_1_p2_l21.jpg,À COMPLÉTER
livretFernand_1_p2_l22.jpg,À COMPLÉTER
livretFernand_1_p2_l23.jpg,À COMPLÉTER
livretFernand_1_p2_l24.jpg,À COMPLÉTER
livretFernand_1_p2_l25.jpg,À COMPLÉTER
livretFernand_1_p2_l26.jpg,À COMPLÉTER
livretFernand_1_p2_l27.jpg,À COMPLÉTER
livretFernand_1_p2_l28.jpg,À COMPLÉTER
livretFernand_1_p2_l29.jpg,À COMPLÉTER
livretFernand_1_p2_l30.jpg,À COMPLÉTER
livretFernand_1_p2_l31.jpg,À COMPLÉTER
livretFernand_1_p2_l32.jpg,À COMPLÉTER
livretFernand_1_p2_l33.jpg,À COMPLÉTER
livretFernand_1_p2_l34.jpg,À COMPLÉTER
livretFernand_1_p2_l35.jpg,À COMPLÉTER
livretFernand_1_p2_l36.jpg,À COMPLÉTER
livretFernand_1_p2_l37.jpg,À COMPLÉTER
livretFernand_1_p2_l39.jpg,À COMPLÉTER
livretFernand_1_p2_l40.jpg,À COMPLÉTER
livretFernand_1_p2_l42.jpg,À COMPLÉTER
livretFernand_1_p2_l43.jpg,À COMPLÉTER
livretFernand_1_p2_l44.jpg,À COMPLÉTER
livretFernand_1_p2_l45.jpg,À COMPLÉTER
livretFernand_1_p2_l46.jpg,À COMPLÉTER
livretFernand_1_p2_l47.jpg,À COMPLÉTER
livretFernand_1_p2_l48.jpg,À COMPLÉTER
livretFernand_1_p2_l49.jpg,À COMPLÉTER
livretFernand_1_p2_l50.jpg,À COMPLÉTER
livretFernand_1_p2_l51.jpg,À COMPLÉTER
livretFernand_1_p2_l52.jpg,À COMPLÉTER
livretFernand_1_p2_l53.jpg,À COMPLÉTER
livretFernand_1_p2_l54.jpg,À COMPLÉTER
livretFernand_1_p2_l55.jpg,À COMPLÉTER
livretFernand_1_p2_l56.jpg,À COMPLÉTER
livretFernand_1_p2_l57.jpg,À COMPLÉTER
livretFernand_1_p2_l58.jpg,À COMPLÉTER
livretFernand_1_p2_l59.jpg,À COMPLÉTER
livretFernand_1_p2_l60.jpg,À COMPLÉTER
livretFernand_1_p2_l61.jpg,À COMPLÉTER
livretFernand_1_p2_l62.jpg,À COMPLÉTER
livretFernand_1_p2_l63.jpg,À COMPLÉTER
livretFernand_1_p2_l64.jpg,À COMPLÉTER
livretFernand_1_p2_l65.jpg,À COMPLÉTER
livretFernand_1_p2_l66.jpg,À COMPLÉTER
livretFernand_1_p2_l67.jpg,À COMPLÉTER
livretFernand_1_p2_l68.jpg,À COMPLÉTER
livretFernand_1_p2_l69.jpg,À COMPLÉTER
livretFernand_1_p2_l70.jpg,À COMPLÉTER
livretFernand_1_p2_l71.jpg,À COMPLÉTER
livretFernand_1_p2_l72.jpg,À COMPLÉTER
livretFernand_1_p2_l73.jpg,À COMPLÉTER
livretFernand_1_p2_l74.jpg,À COMPLÉTER
livretFernand_1_p2_l75.jpg,À COMPLÉTER
livretFernand_1_p2_l76.jpg,À COMPLÉTER
livretFernand_1_p2_l77.jpg,À COMPLÉTER
livretFernand_1_p2_l78.jpg,À COMPLÉTER
livretFernand_1_p2_l79.jpg,À COMPLÉTER
livretFernand_1_p2_l80.jpg,À COMPLÉTER
livretFernand_1_p2_l81.jpg,À COMPLÉTER
livretFernand_1_p2_l83.jpg,À COMPLÉTER
livretFernand_1_p2_l84.jpg,À COMPLÉTER
livretFernand_1_p2_l86.jpg,À COMPLÉTER
livretFernand_1_p2_l87.jpg,À COMPLÉTER
livretFernand_1_p2_l88.jpg,À COMPLÉTER
livretFernand_1_p2_l90.jpg,À COMPLÉTER
livretFernand_1_p2_l91.jpg,À COMPLÉTER
livretFernand_1_p2_l92.jpg,À COMPLÉTER
livretFernand_1_p2_l93.jpg,À COMPLÉTER
livretFernand_1_p2_l94.jpg,À COMPLÉTER
livretFernand_1_p2_l96.jpg,À COMPLÉTER
livretFernand_1_p2_l97.jpg,À COMPLÉTER
livretFernand_1_p2_l98.jpg,À COMPLÉTER
livretFernand_1_p2_l99.jpg,À COMPLÉTER
livretFernand_1_p2_l100.jpg,À COMPLÉTER
livretFernand_1_p2_l101.jpg,À COMPLÉTER
livretFernand_1_p2_l103.jpg,À COMPLÉTER
livretFernand_1_p2_l104.jpg,À COMPLÉTER
livretFernand_1_p2_l105.jpg,À COMPLÉTER
livretFernand_1_p2_l106.jpg,À COMPLÉTER
livretFernand_1_p2_l109.jpg,À COMPLÉTER
livretFernand_1_p2_l110.jpg,À COMPLÉTER
livretFernand_1_p2_l111.jpg,À COMPLÉTER
livretFernand_1_p2_l112.jpg,À COMPLÉTER
livretFernand_1_p2_l113.jpg,À COMPLÉTER
livretFernand_1_p2_l114.jpg,À COMPLÉTER
livretFernand_1_p2_l115.jpg,À COMPLÉTER
livretFernand_1_p2_l116.jpg,À COMPLÉTER
livretFernand_1_p2_l117.jpg,À COMPLÉTER
livretFernand_1_p2_l118.jpg,À COMPLÉTER
livretFernand_1_p2_l119.jpg,À COMPLÉTER
livretFernand_1_p2_l120.jpg,À COMPLÉTER
livretFernand_1_p2_l121.jpg,À COMPLÉTER
livretFernand_1_p2_l122.jpg,À COMPLÉTER
livretFernand_1_p2_l123.jpg,À COMPLÉTER
livretFernand_1_p2_l124.jpg,À COMPLÉTER
livretFernand_1_p2_l125.jpg,À COMPLÉTER
livretFernand_1_p2_l128.jpg,À COMPLÉTER
livretFernand_1_p2_l129.jpg,À COMPLÉTER
livretFernand_1_p2_l130.jpg,À COMPLÉTER
livretFernand_1_p2_l131.jpg,À COMPLÉTER
livretFernand_1_p2_l132.jpg,À COMPLÉTER
livretFernand_1_p2_l133.jpg,À COMPLÉTER
livretFernand_1_p2_l134.jpg,À COMPLÉTER
livretFernand_1_p2_l135.jpg,À COMPLÉTER
livretFernand_1_p2_l136.jpg,À COMPLÉTER
livretFernand_1_p2_l139.jpg,À COMPLÉTER
livretFernand_1_p2_l140.jpg,À COMPLÉTER
livretFernand_1_p2_l141.jpg,À COMPLÉTER
livretFernand_1_p2_l142.jpg,À COMPLÉTER
livretFernand_1_p2_l143.jpg,À COMPLÉTER
livretFernand_1_p2_l144.jpg,À COMPLÉTER
livretFernand_1_p2_l145.jpg,À COMPLÉTER
livretFernand_1_p2_l146.jpg,À COMPLÉTER
livretFernand_1_p2_l147.jpg,À COMPLÉTER
livretFernand_1_p2_l148.jpg,À COMPLÉTER
livretFernand_1_p2_l150.jpg,À COMPLÉTER
livretFernand_1_p2_l151.jpg,À COMPLÉTER
livretFernand_1_p2_l152.jpg,À COMPLÉTER
livretFernand_1_p2_l154.jpg,À COMPLÉTER
livretFernand_1_p2_l155.jpg,À COMPLÉTER
livretFernand_1_p2_l156.jpg,À COMPLÉTER
livretFernand_1_p2_l157.jpg,À COMPLÉTER
livretFernand_1_p2_l158.jpg,À COMPLÉTER
livretFernand_1_p2_l159.jpg,À COMPLÉTER
livretFernand_1_p2_l160.jpg,À COMPLÉTER
livretFernand_1_p2_l161.jpg,À COMPLÉTER
livretFernand_1_p2_l162.jpg,À COMPLÉTER
livretFernand_1_p2_l163.jpg,À COMPLÉTER
livretFernand_1_p2_l164.jpg,À COMPLÉTER
livretFernand_1_p2_l165.jpg,À COMPLÉTER
livretFernand_1_p2_l166.jpg,À COMPLÉTER
livretFernand_1_p2_l167.jpg,À COMPLÉTER
livretFernand_1_p2_l168.jpg,À COMPLÉTER
livretFernand_1_p2_l169.jpg,À COMPLÉTER
livretFernand_1_p2_l170.jpg,À COMPLÉTER
livretFernand_1_p2_l171.jpg,À COMPLÉTER
livretFernand_1_p2_l174.jpg,À COMPLÉTER
livretFernand_1_p2_l175.jpg,À COMPLÉTER
livretFernand_1_p2_l176.jpg,À COMPLÉTER
livretFernand_1_p2_l177.jpg,À COMPLÉTER
livretFernand_1_p2_l178.jpg,À COMPLÉTER
livretFernand_1_p2_l179.jpg,À COMPLÉTER
livretFernand_1_p2_l180.jpg,À COMPLÉTER
livretFernand_1_p2_l185.jpg,À COMPLÉTER
livretFernand_1_p2_l186.jpg,À COMPLÉTER
livretFernand_1_p2_l187.jpg,À COMPLÉTER
livretFernand_1_p2_l188.jpg,À COMPLÉTER
livretFernand_1_p2_l189.jpg,À COMPLÉTER
livretFernand_1_p2_l190.jpg,À COMPLÉTER
livretFernand_1_p2_l191.jpg,À COMPLÉTER
livretFernand_1_p2_l193.jpg,À COMPLÉTER
livretFernand_1_p2_l194.jpg,À COMPLÉTER
livretFernand_1_p2_l195.jpg,À COMPLÉTER
livretFernand_1_p2_l196.jpg,À COMPLÉTER
livretFernand_1_p2_l197.jpg,À COMPLÉTER
livretFernand_1_p2_l198.jpg,À COMPLÉTER
livretFernand_1_p2_l199.jpg,À COMPLÉTER
livretFernand_1_p2_l200.jpg,À COMPLÉTER
livretFernand_1_p2_l201.jpg,À COMPLÉTER
livretFernand_1_p2_l202.jpg,À COMPLÉTER
livretFernand_1_p2_l203.jpg,À COMPLÉTER
livretFernand_1_p2_l207.jpg,À COMPLÉTER
livretFernand_1_p2_l208.jpg,À COMPLÉTER
livretFernand_1_p2_l209.jpg,À COMPLÉTER
livretFernand_1_p2_l210.jpg,À COMPLÉTER
livretFernand_1_p2_l211.jpg,À COMPLÉTER
livretFernand_1_p2_l212.jpg,À COMPLÉTER
livretFernand_1_p2_l213.jpg,À COMPLÉTER
livretFernand_1_p2_l214.jpg,À COMPLÉTER
livretFernand_1_p2_l215.jpg,À COMPLÉTER
livretFernand_1_p2_l216.jpg,À COMPLÉTER
livretFernand_1_p2_l217.jpg,À COMPLÉTER
livretFernand_1_p2_l219.jpg,À COMPLÉTER
livretFernand_1_p2_l220.jpg,À COMPLÉTER
livretFernand_1_p2_l221.jpg,À COMPLÉTER
livretFernand_1_p2_l222.jpg,À COMPLÉTER
livretFernand_1_p2_l223.jpg,À COMPLÉTER
livretFernand_1_p2_l224.jpg,À COMPLÉTER
livretFernand_1_p2_l225.jpg,À COMPLÉTER
livretFernand_1_p2_l226.jpg,À COMPLÉTER
livretFernand_1_p2_l227.jpg,À COMPLÉTER
livretFernand_1_p2_l229.jpg,À COMPLÉTER
livretFernand_1_p2_l230.jpg,À COMPLÉTER
livretFernand_1_p2_l231.jpg,À COMPLÉTER
livretFernand_1_p2_l232.jpg,À COMPLÉTER
livretFernand_1_p2_l233.jpg,À COMPLÉTER
livretFernand_1_p2_l234.jpg,À COMPLÉTER
livretFernand_1_p2_l235.jpg,À COMPLÉTER
livretFernand_1_p2_l236.jpg,À COMPLÉTER
livretFernand_1_p2_l237.jpg,À COMPLÉTER
livretFernand_1_p2_l238.jpg,À COMPLÉTER
livretFernand_1_p2_l239.jpg,À COMPLÉTER
livretFernand_1_p2_l240.jpg,À COMPLÉTER
livretFernand_1_p2_l241.jpg,À COMPLÉTER
livretFernand_1_p2_l242.jpg,À COMPLÉTER
livretFernand_1_p2_l243.jpg,À COMPLÉTER
livretFernand_1_p2_l244.jpg,À COMPLÉTER
livretFernand_1_p2_l245.jpg,À COMPLÉTER
livretFernand_1_p2_l246.jpg,À COMPLÉTER
livretFernand_1_p2_l247.jpg,À COMPLÉTER
livretFernand_1_p2_l248.jpg,À COMPLÉTER
livretFernand_1_p2_l249.jpg,À COMPLÉTER
livretFernand_1_p2_l250.jpg,À COMPLÉTER
livretFernand_1_p2_l251.jpg,À COMPLÉTER
livretFernand_1_p2_l252.jpg,À COMPLÉTER
livretFernand_1_p2_l253.jpg,À COMPLÉTER
livretFernand_1_p2_l256.jpg,À COMPLÉTER
livretFernand_1_p2_l257.jpg,À COMPLÉTER
livretFernand_1_p2_l258.jpg,À COMPLÉTER
livretFernand_1_p2_l259.jpg,À COMPLÉTER
livretFernand_1_p2_l263.jpg,À COMPLÉTER
livretFernand_1_p2_l264.jpg,À COMPLÉTER
livretFernand_1_p2_l265.jpg,À COMPLÉTER
livretFernand_1_p2_l266.jpg,À COMPLÉTER
livretFernand_1_p2_l267.jpg,À COMPLÉTER
livretFernand_1_p2_l268.jpg,À COMPLÉTER
livretFernand_1_p2_l269.jpg,À COMPLÉTER
livretFernand_1_p2_l270.jpg,À COMPLÉTER
livretFernand_1_p2_l271.jpg,À COMPLÉTER
livretFernand_1_p2_l272.jpg,À COMPLÉTER
livretFernand_1_p2_l273.jpg,À COMPLÉTER
livretFernand_1_p2_l274.jpg,À COMPLÉTER
livretFernand_1_p2_l275.jpg,À COMPLÉTER
livretFernand_1_p2_l276.jpg,À COMPLÉTER
livretFernand_1_p2_l277.jpg,À COMPLÉTER
livretFernand_1_p2_l278.jpg,À COMPLÉTER
livretFernand_1_p2_l279.jpg,À COMPLÉTER
livretFernand_1_p2_l280.jpg,À COMPLÉTER
livretFernand_1_p2_l281.jpg,À COMPLÉTER
livretFernand_1_p2_l282.jpg,À COMPLÉTER
livretFernand_1_p2_l283.jpg,À COMPLÉTER
livretFernand_1_p2_l284.jpg,À COMPLÉTER
livretFernand_1_p2_l285.jpg,À COMPLÉTER
livretFernand_1_p2_l286.jpg,À COMPLÉTER
livretFernand_1_p2_l287.jpg,À COMPLÉTER
livretFernand_1_p2_l288.jpg,À COMPLÉTER
livretFernand_1_p2_l289.jpg,À COMPLÉTER
livretFernand_1_p2_l290.jpg,À COMPLÉTER
livretFernand_1_p2_l291.jpg,À COMPLÉTER
livretFernand_1_p2_l292.jpg,À COMPLÉTER
livretFernand_1_p2_l293.jpg,À COMPLÉTER
livretFernand_1_p2_l294.jpg,À COMPLÉTER
livretFernand_1_p2_l295.jpg,À COMPLÉTER
livretFernand_1_p2_l297.jpg,À COMPLÉTER
livretFernand_1_p2_l298.jpg,À COMPLÉTER
livretFernand_1_p2_l300.jpg,À COMPLÉTER
livretFernand_1_p2_l301.jpg,À COMPLÉTER
livretFernand_1_p2_l302.jpg,À COMPLÉTER
livretFernand_1_p3_l1.jpg,À COMPLÉTER
livretFernand_1_p3_l2.jpg,À COMPLÉTER
livretFernand_1_p3_l3.jpg,À COMPLÉTER
livretFernand_1_p3_l4.jpg,À COMPLÉTER
livretFernand_1_p3_l5.jpg,À COMPLÉTER
livretFernand_1_p3_l6.jpg,À COMPLÉTER
livretFernand_1_p3_l7.jpg,À COMPLÉTER
livretFernand_1_p3_l8.jpg,À COMPLÉTER
livretFernand_1_p3_l9.jpg,À COMPLÉTER
livretFernand_1_p3_l10.jpg,À COMPLÉTER
livretFernand_1_p3_l11.jpg,À COMPLÉTER
livretFernand_1_p3_l12.jpg,À COMPLÉTER
livretFernand_1_p3_l13.jpg,À COMPLÉTER
livretFernand_1_p3_l14.jpg,À COMPLÉTER
livretFernand_1_p3_l15.jpg,À COMPLÉTER
livretFernand_1_p3_l16.jpg,À COMPLÉTER
livretFernand_1_p3_l17.jpg,À COMPLÉTER
livretFernand_1_p3_l18.jpg,À COMPLÉTER
livretFernand_1_p3_l19.jpg,À COMPLÉTER
livretFernand_1_p3_l20.jpg,À COMPLÉTER
livretFernand_1_p3_l21.jpg,À COMPLÉTER
livretFernand_1_p3_l22.jpg,À COMPLÉTER
livretFernand_1_p3_l23.jpg,À COMPLÉTER
livretFernand_1_p3_l24.jpg,À COMPLÉTER
livretFernand_1_p3_l25.jpg,À COMPLÉTER
livretFernand_1_p3_l26.jpg,À COMPLÉTER
livretFernand_1_p3_l27.jpg,À COMPLÉTER
livretFernand_1_p3_l28.jpg,À COMPLÉTER
livretFernand_1_p3_l29.jpg,À COMPLÉTER
livretFernand_1_p3_l30.jpg,À COMPLÉTER
livretFernand_1_p3_l31.jpg,À COMPLÉTER
livretFernand_1_p3_l32.jpg,À COMPLÉTER
livretFernand_1_p3_l33.jpg,À COMPLÉTER
livretFernand_1_p3_l34.jpg,À COMPLÉTER
livretFernand_1_p3_l35.jpg,À COMPLÉTER
livretFernand_1_p3_l36.jpg,À COMPLÉTER
livretFernand_1_p3_l37.jpg,À COMPLÉTER
livretFernand_1_p3_l38.jpg,À COMPLÉTER
livretFernand_1_p3_l39.jpg,À COMPLÉTER
livretFernand_1_p3_l41.jpg,À COMPLÉTER
livretFernand_1_p3_l42.jpg,À COMPLÉTER
livretFernand_1_p3_l43.jpg,À COMPLÉTER
livretFernand_1_p3_l44.jpg,À COMPLÉTER
livretFernand_1_p3_l45.jpg,À COMPLÉTER
livretFernand_1_p3_l46.jpg,À COMPLÉTER
livretFernand_1_p3_l48.jpg,À COMPLÉTER
livretFernand_1_p3_l49.jpg,À COMPLÉTER
livretFernand_1_p3_l50.jpg,À COMPLÉTER
livretFernand_1_p3_l51.jpg,À COMPLÉTER
livretFernand_1_p3_l52.jpg,À COMPLÉTER
livretFernand_1_p3_l53.jpg,À COMPLÉTER
livretFernand_1_p3_l54.jpg,À COMPLÉTER
livretFernand_1_p3_l56.jpg,À COMPLÉTER
livretFernand_1_p3_l57.jpg,À COMPLÉTER
livretFernand_1_p3_l58.jpg,À COMPLÉTER
livretFernand_1_p3_l59.jpg,À COMPLÉTER
livretFernand_1_p3_l60.jpg,À COMPLÉTER
livretFernand_1_p3_l61.jpg,À COMPLÉTER
livretFernand_1_p3_l62.jpg,À COMPLÉTER
livretFernand_1_p3_l63.jpg,À COMPLÉTER
livretFernand_1_p3_l64.jpg,À COMPLÉTER
livretFernand_1_p3_l65.jpg,À COMPLÉTER
livretFernand_1_p3_l66.jpg,À COMPLÉTER
livretFernand_1_p3_l67.jpg,À COMPLÉTER
livretFernand_1_p3_l68.jpg,À COMPLÉTER
livretFernand_1_p3_l69.jpg,À COMPLÉTER
livretFernand_1_p3_l70.jpg,À COMPLÉTER
livretFernand_1_p3_l71.jpg,À COMPLÉTER
livretFernand_1_p3_l72.jpg,À COMPLÉTER
livretFernand_1_p3_l73.jpg,À COMPLÉTER
livretFernand_1_p3_l74.jpg,À COMPLÉTER
livretFernand_1_p3_l75.jpg,À COMPLÉTER
livretFernand_1_p3_l76.jpg,À COMPLÉTER
livretFernand_1_p3_l77.jpg,À COMPLÉTER
livretFernand_1_p3_l78.jpg,À COMPLÉTER
livretFernand_1_p3_l79.jpg,À COMPLÉTER
livretFernand_1_p3_l80.jpg,À COMPLÉTER
livretFernand_1_p3_l81.jpg,À COMPLÉTER
livretFernand_1_p3_l82.jpg,À COMPLÉTER
livretFernand_1_p3_l83.jpg,À COMPLÉTER
livretFernand_1_p3_l84.jpg,À COMPLÉTER
livretFernand_1_p3_l85.jpg,À COMPLÉTER
livretFernand_1_p3_l86.jpg,À COMPLÉTER
livretFernand_1_p3_l87.jpg,À COMPLÉTER
livretFernand_1_p3_l88.jpg,À COMPLÉTER
livretFernand_1_p3_l89.jpg,À COMPLÉTER
livretFernand_1_p3_l90.jpg,À COMPLÉTER
livretFernand_1_p3_l91.jpg,À COMPLÉTER
livretFernand_1_p3_l92.jpg,À COMPLÉTER
livretFernand_1_p3_l93.jpg,À COMPLÉTER
livretFernand_1_p3_l94.jpg,À COMPLÉTER
livretFernand_1_p3_l96.jpg,À COMPLÉTER
livretFernand_1_p3_l97.jpg,À COMPLÉTER
livretFernand_1_p3_l98.jpg,À COMPLÉTER
livretFernand_1_p3_l99.jpg,À COMPLÉTER
livretFernand_1_p3_l100.jpg,À COMPLÉTER
livretFernand_1_p3_l101.jpg,À COMPLÉTER
livretFernand_1_p3_l103.jpg,À COMPLÉTER
livretFernand_1_p3_l104.jpg,À COMPLÉTER
livretFernand_1_p3_l105.jpg,À COMPLÉTER
livretFernand_1_p3_l106.jpg,À COMPLÉTER
livretFernand_1_p3_l107.jpg,À COMPLÉTER
livretFernand_1_p3_l108.jpg,À COMPLÉTER
livretFernand_1_p3_l109.jpg,À COMPLÉTER
livretFernand_1_p3_l113.jpg,À COMPLÉTER
livretFernand_1_p3_l114.jpg,À COMPLÉTER
livretFernand_1_p3_l115.jpg,À COMPLÉTER
livretFernand_1_p3_l116.jpg,À COMPLÉTER
livretFernand_1_p3_l117.jpg,À COMPLÉTER
livretFernand_1_p3_l118.jpg,À COMPLÉTER
livretFernand_1_p3_l123.jpg,À COMPLÉTER
livretFernand_1_p3_l124.jpg,À COMPLÉTER
livretFernand_1_p3_l125.jpg,À COMPLÉTER
livretFernand_1_p3_l126.jpg,À COMPLÉTER
livretFernand_1_p3_l127.jpg,À COMPLÉTER
livretFernand_1_p3_l128.jpg,À COMPLÉTER
livretFernand_1_p3_l129.jpg,À COMPLÉTER
livretFernand_1_p3_l130.jpg,À COMPLÉTER
livretFernand_1_p3_l131.jpg,À COMPLÉTER
livretFernand_1_p3_l132.jpg,À COMPLÉTER
livretFernand_1_p3_l133.jpg,À COMPLÉTER
livretFernand_1_p3_l134.jpg,À COMPLÉTER
livretFernand_1_p3_l135.jpg,À COMPLÉTER
livretFernand_1_p3_l136.jpg,À COMPLÉTER
livretFernand_1_p3_l137.jpg,À COMPLÉTER
livretFernand_1_p3_l138.jpg,À COMPLÉTER
livretFernand_1_p3_l139.jpg,À COMPLÉTER
livretFernand_1_p3_l140.jpg,À COMPLÉTER
livretFernand_1_p3_l141.jpg,À COMPLÉTER
livretFernand_1_p3_l142.jpg,À COMPLÉTER
livretFernand_1_p3_l143.jpg,À COMPLÉTER
livretFernand_1_p3_l144.jpg,À COMPLÉTER
livretFernand_1_p3_l145.jpg,À COMPLÉTER
livretFernand_1_p3_l146.jpg,À COMPLÉTER
livretFernand_1_p3_l147.jpg,À COMPLÉTER
livretFernand_1_p3_l149.jpg,À COMPLÉTER
livretFernand_1_p3_l150.jpg,À COMPLÉTER
livretFernand_1_p3_l151.jpg,À COMPLÉTER
livretFernand_1_p3_l152.jpg,À COMPLÉTER
livretFernand_1_p3_l153.jpg,À COMPLÉTER
livretFernand_1_p3_l154.jpg,À COMPLÉTER
livretFernand_1_p3_l155.jpg,À COMPLÉTER
livretFernand_1_p3_l156.jpg,À COMPLÉTER
livretFernand_1_p3_l157.jpg,À COMPLÉTER
livretFernand_1_p3_l158.jpg,À COMPLÉTER
livretFernand_1_p3_l159.jpg,À COMPLÉTER
livretFernand_1_p3_l160.jpg,À COMPLÉTER
livretFernand_1_p3_l161.jpg,À COMPLÉTER
livretFernand_1_p3_l166.jpg,À COMPLÉTER
livretFernand_1_p3_l167.jpg,À COMPLÉTER
livretFernand_1_p3_l168.jpg,À COMPLÉTER
livretFernand_1_p3_l169.jpg,À COMPLÉTER
livretFernand_1_p3_l170.jpg,À COMPLÉTER
livretFernand_1_p3_l171.jpg,À COMPLÉTER
livretFernand_1_p3_l172.jpg,À COMPLÉTER
livretFernand_1_p3_l173.jpg,À COMPLÉTER
livretFernand_1_p3_l174.jpg,À COMPLÉTER
livretFernand_1_p3_l175.jpg,À COMPLÉTER
livretFernand_1_p3_l176.jpg,À COMPLÉTER
livretFernand_1_p3_l177.jpg,À COMPLÉTER
livretFernand_1_p3_l178.jpg,À COMPLÉTER
livretFernand_1_p3_l179.jpg,À COMPLÉTER
livretFernand_1_p3_l180.jpg,À COMPLÉTER
livretFernand_1_p3_l181.jpg,À COMPLÉTER
livretFernand_1_p3_l182.jpg,À COMPLÉTER
livretFernand_1_p3_l183.jpg,À COMPLÉTER
livretFernand_1_p3_l184.jpg,À COMPLÉTER
livretFernand_1_p3_l185.jpg,À COMPLÉTER
livretFernand_1_p3_l186.jpg,À COMPLÉTER
livretFernand_1_p3_l187.jpg,À COMPLÉTER
livretFernand_1_p3_l188.jpg,À COMPLÉTER
livretFernand_1_p3_l189.jpg,À COMPLÉTER
livretFernand_1_p3_l192.jpg,À COMPLÉTER
livretFernand_1_p3_l193.jpg,À COMPLÉTER
livretFernand_1_p3_l194.jpg,À COMPLÉTER
livretFernand_1_p3_l195.jpg,À COMPLÉTER
livretFernand_1_p3_l196.jpg,À COMPLÉTER
livretFernand_1_p3_l197.jpg,À COMPLÉTER
livretFernand_1_p3_l198.jpg,À COMPLÉTER
livretFernand_1_p3_l199.jpg,À COMPLÉTER
livretFernand_1_p3_l200.jpg,À COMPLÉTER
livretFernand_1_p3_l201.jpg,À COMPLÉTER
livretFernand_1_p3_l208.jpg,À COMPLÉTER
livretFernand_1_p3_l209.jpg,À COMPLÉTER
livretFernand_1_p3_l210.jpg,À COMPLÉTER
livretFernand_1_p3_l211.jpg,À COMPLÉTER
livretFernand_1_p3_l212.jpg,À COMPLÉTER
livretFernand_1_p3_l213.jpg,À COMPLÉTER
livretFernand_1_p3_l214.jpg,À COMPLÉTER
livretFernand_1_p3_l215.jpg,À COMPLÉTER
livretFernand_1_p3_l216.jpg,À COMPLÉTER
livretFernand_1_p3_l217.jpg,À COMPLÉTER
livretFernand_1_p3_l218.jpg,À COMPLÉTER
livretFernand_1_p3_l219.jpg,À COMPLÉTER
livretFernand_1_p3_l220.jpg,À COMPLÉTER
livretFernand_1_p3_l221.jpg,À COMPLÉTER
livretFernand_1_p3_l222.jpg,À COMPLÉTER
livretFernand_1_p3_l223.jpg,À COMPLÉTER
livretFernand_1_p3_l224.jpg,À COMPLÉTER
livretFernand_1_p3_l225.jpg,À COMPLÉTER
livretFernand_1_p3_l226.jpg,À COMPLÉTER
livretFernand_1_p3_l227.jpg,À COMPLÉTER
livretFernand_1_p3_l228.jpg,À COMPLÉTER
livretFernand_1_p3_l229.jpg,À COMPLÉTER
livretFernand_1_p3_l230.jpg,À COMPLÉTER
livretFernand_1_p3_l231.jpg,À COMPLÉTER
livretFernand_1_p3_l232.jpg,À COMPLÉTER
livretFernand_1_p3_l233.jpg,À COMPLÉTER
livretFernand_1_p3_l234.jpg,À COMPLÉTER
livretFernand_1_p3_l235.jpg,À COMPLÉTER
livretFernand_1_p3_l236.jpg,À COMPLÉTER
livretFernand_1_p3_l237.jpg,À COMPLÉTER
livretFernand_1_p3_l238.jpg,À COMPLÉTER
livretFernand_1_p3_l239.jpg,À COMPLÉTER
livretFernand_1_p3_l240.jpg,À COMPLÉTER
livretFernand_1_p3_l241.jpg,À COMPLÉTER
livretFernand_1_p3_l242.jpg,À COMPLÉTER
livretFernand_1_p3_l243.jpg,À COMPLÉTER
livretFernand_1_p3_l244.jpg,À COMPLÉTER
livretFernand_1_p3_l245.jpg,À COMPLÉTER
livretFernand_1_p3_l246.jpg,À COMPLÉTER
livretFernand_1_p3_l247.jpg,À COMPLÉTER
livretFernand_1_p3_l248.jpg,À COMPLÉTER
livretFernand_1_p3_l249.jpg,À COMPLÉTER
livretFernand_1_p3_l250.jpg,À COMPLÉTER
livretFernand_1_p3_l251.jpg,À COMPLÉTER
livretFernand_1_p3_l252.jpg,À COMPLÉTER
livretFernand_1_p3_l253.jpg,À COMPLÉTER
livretFernand_1_p3_l254.jpg,À COMPLÉTER
livretFernand_1_p3_l255.jpg,À COMPLÉTER
livretFernand_1_p3_l256.jpg,À COMPLÉTER
livretFernand_1_p3_l257.jpg,À COMPLÉTER
livretFernand_1_p3_l258.jpg,À COMPLÉTER
livretFernand_1_p3_l259.jpg,À COMPLÉTER
livretFernand_1_p3_l260.jpg,À COMPLÉTER
livretFernand_1_p3_l262.jpg,À COMPLÉTER
livretFernand_1_p3_l265.jpg,À COMPLÉTER
livretFernand_1_p3_l266.jpg,À COMPLÉTER
livretFernand_1_p3_l267.jpg,À COMPLÉTER
livretFernand_1_p3_l268.jpg,À COMPLÉTER
livretFernand_1_p3_l269.jpg,À COMPLÉTER
livretFernand_1_p3_l271.jpg,À COMPLÉTER
livretFernand_1_p3_l272.jpg,À COMPLÉTER
livretFernand_1_p3_l273.jpg,À COMPLÉTER
livretFernand_1_p3_l274.jpg,À COMPLÉTER
livretFernand_1_p3_l275.jpg,À COMPLÉTER
livretFernand_1_p3_l276.jpg,À COMPLÉTER
livretFernand_1_p3_l277.jpg,À COMPLÉTER
livretFernand_1_p3_l278.jpg,À COMPLÉTER
livretFernand_1_p3_l280.jpg,À COMPLÉTER
livretFernand_1_p3_l281.jpg,À COMPLÉTER
livretFernand_1_p3_l283.jpg,À COMPLÉTER
livretFernand_1_p3_l284.jpg,À COMPLÉTER
livretFernand_1_p3_l285.jpg,À COMPLÉTER
livretFernand_1_p3_l286.jpg,À COMPLÉTER
livretFernand_1_p3_l287.jpg,À COMPLÉTER
livretFernand_1_p3_l288.jpg,À COMPLÉTER
livretFernand_1_p3_l289.jpg,À COMPLÉTER
livretFernand_1_p3_l290.jpg,À COMPLÉTER
livretFernand_1_p3_l291.jpg,À COMPLÉTER
livretFernand_1_p3_l292.jpg,À COMPLÉTER
livretFernand_1_p3_l293.jpg,À COMPLÉTER
livretFernand_1_p3_l294.jpg,À COMPLÉTER
livretFernand_1_p3_l295.jpg,À COMPLÉTER
livretFernand_1_p3_l296.jpg,À COMPLÉTER
livretFernand_1_p3_l297.jpg,À COMPLÉTER
livretFernand_1_p3_l298.jpg,À COMPLÉTER
livretFernand_1_p3_l299.jpg,À COMPLÉTER
livretFernand_1_p3_l300.jpg,À COMPLÉTER
livretFernand_1_p3_l301.jpg,À COMPLÉTER
livretFernand_1_p3_l302.jpg,À COMPLÉTER
livretFernand_1_p3_l303.jpg,À COMPLÉTER
livretFernand_1_p4_l0.jpg,À COMPLÉTER
livretFernand_1_p4_l1.jpg,À COMPLÉTER
livretFernand_1_p4_l2.jpg,À COMPLÉTER
livretFernand_1_p4_l3.jpg,À COMPLÉTER
livretFernand_1_p4_l4.jpg,À COMPLÉTER
livretFernand_1_p4_l5.jpg,À COMPLÉTER
livretFernand_1_p4_l6.jpg,À COMPLÉTER
livretFernand_1_p4_l7.jpg,À COMPLÉTER
livretFernand_1_p4_l8.jpg,À COMPLÉTER
livretFernand_1_p4_l9.jpg,À COMPLÉTER
livretFernand_1_p4_l10.jpg,À COMPLÉTER
livretFernand_1_p4_l11.jpg,À COMPLÉTER
livretFernand_1_p4_l12.jpg,À COMPLÉTER
livretFernand_1_p4_l13.jpg,À COMPLÉTER
livretFernand_1_p4_l14.jpg,À COMPLÉTER
livretFernand_1_p4_l15.jpg,À COMPLÉTER
livretFernand_1_p4_l16.jpg,À COMPLÉTER
livretFernand_1_p4_l17.jpg,À COMPLÉTER
livretFernand_1_p4_l18.jpg,À COMPLÉTER
livretFernand_1_p4_l20.jpg,À COMPLÉTER
livretFernand_1_p4_l21.jpg,À COMPLÉTER
livretFernand_1_p4_l22.jpg,À COMPLÉTER
livretFernand_1_p4_l23.jpg,À COMPLÉTER
livretFernand_1_p4_l24.jpg,À COMPLÉTER
livretFernand_1_p4_l25.jpg,À COMPLÉTER
livretFernand_1_p4_l26.jpg,À COMPLÉTER
livretFernand_1_p4_l27.jpg,À COMPLÉTER
livretFernand_1_p4_l28.jpg,À COMPLÉTER
livretFernand_1_p4_l29.jpg,À COMPLÉTER
livretFernand_1_p4_l30.jpg,À COMPLÉTER
livretFernand_1_p4_l31.jpg,À COMPLÉTER
livretFernand_1_p4_l32.jpg,À COMPLÉTER
livretFernand_1_p4_l33.jpg,À COMPLÉTER
livretFernand_1_p4_l34.jpg,À COMPLÉTER
livretFernand_1_p4_l35.jpg,À COMPLÉTER
livretFernand_1_p4_l36.jpg,À COMPLÉTER
livretFernand_1_p4_l37.jpg,À COMPLÉTER
livretFernand_1_p4_l38.jpg,À COMPLÉTER
livretFernand_1_p4_l39.jpg,À COMPLÉTER
livretFernand_1_p4_l40.jpg,À COMPLÉTER
livretFernand_1_p4_l41.jpg,À COMPLÉTER
livretFernand_1_p4_l42.jpg,À COMPLÉTER
livretFernand_1_p4_l43.jpg,À COMPLÉTER
livretFernand_1_p4_l44.jpg,À COMPLÉTER
livretFernand_1_p4_l45.jpg,À COMPLÉTER
livretFernand_1_p4_l46.jpg,À COMPLÉTER
livretFernand_1_p4_l47.jpg,À COMPLÉTER
livretFernand_1_p4_l48.jpg,À COMPLÉTER
livretFernand_1_p4_l49.jpg,À COMPLÉTER
livretFernand_1_p4_l50.jpg,À COMPLÉTER
livretFernand_1_p4_l51.jpg,À COMPLÉTER
livretFernand_1_p4_l52.jpg,À COMPLÉTER
livretFernand_1_p4_l53.jpg,À COMPLÉTER
livretFernand_1_p4_l54.jpg,À COMPLÉTER
livretFernand_1_p4_l55.jpg,À COMPLÉTER
livretFernand_1_p4_l56.jpg,À COMPLÉTER
livretFernand_1_p4_l57.jpg,À COMPLÉTER
livretFernand_1_p4_l58.jpg,À COMPLÉTER
livretFernand_1_p4_l60.jpg,À COMPLÉTER
livretFernand_1_p4_l61.jpg,À COMPLÉTER
livretFernand_1_p4_l62.jpg,À COMPLÉTER
livretFernand_1_p4_l63.jpg,À COMPLÉTER
livretFernand_1_p4_l64.jpg,À COMPLÉTER
livretFernand_1_p4_l65.jpg,À COMPLÉTER
livretFernand_1_p4_l66.jpg,À COMPLÉTER
livretFernand_1_p4_l68.jpg,À COMPLÉTER
livretFernand_1_p4_l69.jpg,À COMPLÉTER
livretFernand_1_p4_l70.jpg,À COMPLÉTER
livretFernand_1_p4_l71.jpg,À COMPLÉTER
livretFernand_1_p4_l72.jpg,À COMPLÉTER
livretFernand_1_p4_l73.jpg,À COMPLÉTER
livretFernand_1_p4_l74.jpg,À COMPLÉTER
livretFernand_1_p4_l75.jpg,À COMPLÉTER
livretFernand_1_p4_l76.jpg,À COMPLÉTER
livretFernand_1_p4_l79.jpg,À COMPLÉTER
livretFernand_1_p4_l81.jpg,À COMPLÉTER
livretFernand_1_p4_l82.jpg,À COMPLÉTER
livretFernand_1_p4_l83.jpg,À COMPLÉTER
livretFernand_1_p4_l84.jpg,À COMPLÉTER
livretFernand_1_p4_l85.jpg,À COMPLÉTER
livretFernand_1_p4_l86.jpg,À COMPLÉTER
livretFernand_1_p4_l87.jpg,À COMPLÉTER
livretFernand_1_p4_l88.jpg,À COMPLÉTER
livretFernand_1_p4_l89.jpg,À COMPLÉTER
livretFernand_1_p4_l90.jpg,À COMPLÉTER
livretFernand_1_p4_l91.jpg,À COMPLÉTER
livretFernand_1_p4_l92.jpg,À COMPLÉTER
livretFernand_1_p4_l95.jpg,À COMPLÉTER
livretFernand_1_p4_l96.jpg,À COMPLÉTER
livretFernand_1_p4_l100.jpg,À COMPLÉTER
livretFernand_1_p4_l101.jpg,À COMPLÉTER
livretFernand_1_p4_l103.jpg,À COMPLÉTER
livretFernand_1_p4_l104.jpg,À COMPLÉTER
livretFernand_1_p4_l105.jpg,À COMPLÉTER
livretFernand_1_p4_l106.jpg,À COMPLÉTER
livretFernand_1_p4_l107.jpg,À COMPLÉTER
livretFernand_1_p4_l108.jpg,À COMPLÉTER
livretFernand_1_p4_l109.jpg,À COMPLÉTER
livretFernand_1_p4_l110.jpg,À COMPLÉTER
livretFernand_1_p4_l111.jpg,À COMPLÉTER
livretFernand_1_p4_l112.jpg,À COMPLÉTER
livretFernand_1_p4_l114.jpg,À COMPLÉTER
livretFernand_1_p4_l115.jpg,À COMPLÉTER
livretFernand_1_p4_l116.jpg,À COMPLÉTER
livretFernand_1_p4_l117.jpg,À COMPLÉTER
livretFernand_1_p4_l118.jpg,À COMPLÉTER
livretFernand_1_p4_l120.jpg,À COMPLÉTER
livretFernand_1_p4_l121.jpg,À COMPLÉTER
livretFernand_1_p4_l122.jpg,À COMPLÉTER
livretFernand_1_p4_l123.jpg,À COMPLÉTER
livretFernand_1_p4_l124.jpg,À COMPLÉTER
livretFernand_1_p4_l125.jpg,À COMPLÉTER
livretFernand_1_p4_l126.jpg,À COMPLÉTER
livretFernand_1_p4_l127.jpg,À COMPLÉTER
livretFernand_1_p4_l128.jpg,À COMPLÉTER
livretFernand_1_p4_l129.jpg,À COMPLÉTER
livretFernand_1_p4_l130.jpg,À COMPLÉTER
livretFernand_1_p4_l131.jpg,À COMPLÉTER
livretFernand_1_p4_l132.jpg,À COMPLÉTER
livretFernand_1_p4_l133.jpg,À COMPLÉTER
livretFernand_1_p4_l134.jpg,À COMPLÉTER
livretFernand_1_p4_l135.jpg,À COMPLÉTER
livretFernand_1_p4_l136.jpg,À COMPLÉTER
livretFernand_1_p4_l137.jpg,À COMPLÉTER
livretFernand_1_p4_l138.jpg,À COMPLÉTER
livretFernand_1_p4_l139.jpg,À COMPLÉTER
livretFernand_1_p4_l140.jpg,À COMPLÉTER
livretFernand_1_p4_l141.jpg,À COMPLÉTER
livretFernand_1_p4_l142.jpg,À COMPLÉTER
livretFernand_1_p4_l144.jpg,À COMPLÉTER
livretFernand_1_p4_l145.jpg,À COMPLÉTER
livretFernand_1_p4_l146.jpg,À COMPLÉTER
livretFernand_1_p4_l147.jpg,À COMPLÉTER
livretFernand_1_p4_l149.jpg,À COMPLÉTER
livretFernand_1_p4_l150.jpg,À COMPLÉTER
livretFernand_1_p4_l152.jpg,À COMPLÉTER
livretFernand_1_p4_l153.jpg,À COMPLÉTER
livretFernand_1_p4_l154.jpg,À COMPLÉTER
livretFernand_1_p4_l155.jpg,À COMPLÉTER
livretFernand_1_p4_l156.jpg,À COMPLÉTER
livretFernand_1_p4_l157.jpg,À COMPLÉTER
livretFernand_1_p4_l158.jpg,À COMPLÉTER
livretFernand_1_p4_l159.jpg,À COMPLÉTER
livretFernand_1_p4_l160.jpg,À COMPLÉTER
livretFernand_1_p4_l161.jpg,À COMPLÉTER
livretFernand_1_p4_l162.jpg,À COMPLÉTER
livretFernand_1_p4_l163.jpg,À COMPLÉTER
livretFernand_1_p4_l164.jpg,À COMPLÉTER
livretFernand_1_p4_l165.jpg,À COMPLÉTER
livretFernand_1_p4_l166.jpg,À COMPLÉTER
livretFernand_1_p4_l167.jpg,À COMPLÉTER
livretFernand_1_p4_l168.jpg,À COMPLÉTER
livretFernand_1_p4_l169.jpg,À COMPLÉTER
livretFernand_1_p4_l170.jpg,À COMPLÉTER
livretFernand_1_p4_l171.jpg,À COMPLÉTER
livretFernand_1_p4_l172.jpg,À COMPLÉTER
livretFernand_1_p4_l173.jpg,À COMPLÉTER
livretFernand_1_p4_l174.jpg,À COMPLÉTER
livretFernand_1_p4_l175.jpg,À COMPLÉTER
livretFernand_1_p4_l177.jpg,À COMPLÉTER
livretFernand_1_p4_l178.jpg,À COMPLÉTER
livretFernand_1_p4_l179.jpg,À COMPLÉTER
livretFernand_1_p4_l180.jpg,À COMPLÉTER
livretFernand_1_p4_l181.jpg,À COMPLÉTER
livretFernand_1_p4_l182.jpg,À COMPLÉTER
livretFernand_1_p4_l183.jpg,À COMPLÉTER
livretFernand_1_p4_l184.jpg,À COMPLÉTER
livretFernand_1_p4_l185.jpg,À COMPLÉTER
livretFernand_1_p4_l186.jpg,À COMPLÉTER
livretFernand_1_p4_l187.jpg,À COMPLÉTER
livretFernand_1_p4_l188.jpg,À COMPLÉTER
livretFernand_1_p4_l189.jpg,À COMPLÉTER
livretFernand_1_p4_l190.jpg,À COMPLÉTER
livretFernand_1_p4_l191.jpg,À COMPLÉTER
livretFernand_1_p4_l192.jpg,À COMPLÉTER
livretFernand_1_p4_l193.jpg,À COMPLÉTER
livretFernand_1_p4_l194.jpg,À COMPLÉTER
livretFernand_1_p4_l195.jpg,À COMPLÉTER
livretFernand_1_p4_l196.jpg,À COMPLÉTER
livretFernand_1_p4_l197.jpg,À COMPLÉTER
livretFernand_1_p4_l198.jpg,À COMPLÉTER
livretFernand_1_p4_l199.jpg,À COMPLÉTER
livretFernand_1_p4_l200.jpg,À COMPLÉTER
livretFernand_1_p4_l201.jpg,À COMPLÉTER
livretFernand_1_p4_l202.jpg,À COMPLÉTER
livretFernand_1_p4_l203.jpg,À COMPLÉTER
livretFernand_1_p4_l204.jpg,À COMPLÉTER
livretFernand_1_p4_l206.jpg,À COMPLÉTER
livretFernand_1_p4_l207.jpg,À COMPLÉTER
livretFernand_1_p4_l208.jpg,À COMPLÉTER
livretFernand_1_p4_l209.jpg,À COMPLÉTER
livretFernand_1_p4_l212.jpg,À COMPLÉTER
livretFernand_1_p4_l213.jpg,À COMPLÉTER
livretFernand_1_p4_l214.jpg,À COMPLÉTER
livretFernand_1_p4_l215.jpg,À COMPLÉTER
livretFernand_1_p4_l216.jpg,À COMPLÉTER
livretFernand_1_p4_l218.jpg,À COMPLÉTER
livretFernand_1_p4_l219.jpg,À COMPLÉTER
livretFernand_1_p4_l220.jpg,À COMPLÉTER
livretFernand_1_p4_l221.jpg,À COMPLÉTER
livretFernand_1_p4_l223.jpg,À COMPLÉTER
livretFernand_1_p4_l224.jpg,À COMPLÉTER
livretFernand_1_p4_l226.jpg,À COMPLÉTER
livretFernand_1_p4_l227.jpg,À COMPLÉTER
livretFernand_1_p4_l228.jpg,À COMPLÉTER
livretFernand_1_p4_l229.jpg,À COMPLÉTER
livretFernand_1_p4_l230.jpg,À COMPLÉTER
livretFernand_1_p4_l231.jpg,À COMPLÉTER
livretFernand_1_p4_l232.jpg,À COMPLÉTER
livretFernand_1_p4_l233.jpg,À COMPLÉTER
livretFernand_1_p4_l234.jpg,À COMPLÉTER
livretFernand_1_p4_l235.jpg,À COMPLÉTER
livretFernand_1_p4_l236.jpg,À COMPLÉTER
livretFernand_1_p4_l238.jpg,À COMPLÉTER
livretFernand_1_p4_l240.jpg,À COMPLÉTER
livretFernand_1_p4_l241.jpg,À COMPLÉTER
livretFernand_1_p4_l242.jpg,À COMPLÉTER
livretFernand_1_p4_l243.jpg,À COMPLÉTER
livretFernand_1_p4_l244.jpg,À COMPLÉTER
livretFernand_1_p4_l245.jpg,À COMPLÉTER
livretFernand_1_p4_l246.jpg,À COMPLÉTER
livretFernand_1_p4_l249.jpg,À COMPLÉTER
livretFernand_1_p4_l250.jpg,À COMPLÉTER
livretFernand_1_p4_l251.jpg,À COMPLÉTER
livretFernand_1_p4_l252.jpg,À COMPLÉTER
livretFernand_1_p4_l254.jpg,À COMPLÉTER
livretFernand_1_p4_l255.jpg,À COMPLÉTER
livretFernand_1_p4_l256.jpg,À COMPLÉTER
livretFernand_1_p4_l257.jpg,À COMPLÉTER
livretFernand_1_p4_l258.jpg,À COMPLÉTER
livretFernand_1_p4_l259.jpg,À COMPLÉTER
livretFernand_1_p4_l260.jpg,À COMPLÉTER
livretFernand_1_p4_l261.jpg,À COMPLÉTER
livretFernand_1_p4_l263.jpg,À COMPLÉTER
livretFernand_1_p4_l267.jpg,À COMPLÉTER
livretFernand_1_p4_l269.jpg,À COMPLÉTER
livretFernand_1_p4_l271.jpg,À COMPLÉTER
livretFernand_1_p4_l272.jpg,À COMPLÉTER
livretFernand_1_p4_l273.jpg,À COMPLÉTER
livretFernand_1_p4_l274.jpg,À COMPLÉTER
livretFernand_1_p4_l275.jpg,À COMPLÉTER
livretFernand_1_p4_l276.jpg,À COMPLÉTER
livretFernand_1_p4_l277.jpg,À COMPLÉTER
livretFernand_1_p4_l278.jpg,À COMPLÉTER
livretFernand_1_p4_l279.jpg,À COMPLÉTER
livretFernand_1_p4_l280.jpg,À COMPLÉTER
livretFernand_1_p4_l281.jpg,À COMPLÉTER
livretFernand_1_p4_l282.jpg,À COMPLÉTER
livretFernand_1_p4_l283.jpg,À COMPLÉTER
livretFernand_1_p4_l284.jpg,À COMPLÉTER
livretFernand_1_p4_l285.jpg,À COMPLÉTER
livretFernand_1_p4_l286.jpg,À COMPLÉTER
livretFernand_1_p4_l287.jpg,À COMPLÉTER
livretFernand_1_p4_l288.jpg,À COMPLÉTER
livretFernand_1_p4_l289.jpg,À COMPLÉTER
livretFernand_1_p4_l290.jpg,À COMPLÉTER
livretFernand_1_p4_l291.jpg,À COMPLÉTER
livretFernand_1_p4_l292.jpg,À COMPLÉTER
livretFernand_1_p4_l293.jpg,À COMPLÉTER
livretFernand_1_p4_l294.jpg,À COMPLÉTER
livretFernand_1_p4_l295.jpg,À COMPLÉTER
livretFernand_1_p4_l296.jpg,À COMPLÉTER
livretFernand_1_p4_l297.jpg,À COMPLÉTER
livretFernand_1_p4_l298.jpg,À COMPLÉTER
livretFernand_1_p4_l299.jpg,À COMPLÉTER
livretFernand_1_p4_l300.jpg,À COMPLÉTER
livretFernand_1_p4_l303.jpg,À COMPLÉTER
livretFernand_1_p4_l308.jpg,À COMPLÉTER
livretFernand_1_p4_l309.jpg,À COMPLÉTER
livretFernand_1_p4_l310.jpg,À COMPLÉTER
livretFernand_1_p5_l0.jpg,À COMPLÉTER
livretFernand_1_p5_l1.jpg,À COMPLÉTER
livretFernand_1_p5_l2.jpg,À COMPLÉTER
livretFernand_1_p5_l3.jpg,À COMPLÉTER
livretFernand_1_p5_l4.jpg,À COMPLÉTER
livretFernand_1_p5_l5.jpg,À COMPLÉTER
livretFernand_1_p5_l6.jpg,À COMPLÉTER
livretFernand_1_p5_l7.jpg,À COMPLÉTER
livretFernand_1_p5_l8.jpg,À COMPLÉTER
livretFernand_1_p5_l9.jpg,À COMPLÉTER
livretFernand_1_p5_l10.jpg,À COMPLÉTER
livretFernand_1_p5_l11.jpg,À COMPLÉTER
livretFernand_1_p5_l12.jpg,À COMPLÉTER
livretFernand_1_p5_l13.jpg,À COMPLÉTER
livretFernand_1_p5_l14.jpg,À COMPLÉTER
livretFernand_1_p5_l15.jpg,À COMPLÉTER
livretFernand_1_p5_l16.jpg,À COMPLÉTER
livretFernand_1_p5_l17.jpg,À COMPLÉTER
livretFernand_1_p5_l18.jpg,À COMPLÉTER
livretFernand_1_p5_l19.jpg,À COMPLÉTER
livretFernand_1_p5_l20.jpg,À COMPLÉTER
livretFernand_1_p5_l21.jpg,À COMPLÉTER
livretFernand_1_p5_l22.jpg,À COMPLÉTER
livretFernand_1_p5_l23.jpg,À COMPLÉTER
livretFernand_1_p5_l24.jpg,À COMPLÉTER
livretFernand_1_p5_l25.jpg,À COMPLÉTER
livretFernand_1_p5_l26.jpg,À COMPLÉTER
livretFernand_1_p5_l27.jpg,À COMPLÉTER
livretFernand_1_p5_l28.jpg,À COMPLÉTER
livretFernand_1_p5_l29.jpg,À COMPLÉTER
livretFernand_1_p5_l30.jpg,À COMPLÉTER
livretFernand_1_p5_l31.jpg,À COMPLÉTER
livretFernand_1_p5_l32.jpg,À COMPLÉTER
livretFernand_1_p5_l33.jpg,À COMPLÉTER
livretFernand_1_p5_l34.jpg,À COMPLÉTER
livretFernand_1_p5_l35.jpg,À COMPLÉTER
livretFernand_1_p5_l36.jpg,À COMPLÉTER
livretFernand_1_p5_l37.jpg,À COMPLÉTER
livretFernand_1_p5_l38.jpg,À COMPLÉTER
livretFernand_1_p5_l39.jpg,À COMPLÉTER
livretFernand_1_p5_l40.jpg,À COMPLÉTER
livretFernand_1_p5_l41.jpg,À COMPLÉTER
livretFernand_1_p5_l42.jpg,À COMPLÉTER
livretFernand_1_p5_l43.jpg,À COMPLÉTER
livretFernand_1_p5_l44.jpg,À COMPLÉTER
livretFernand_1_p5_l45.jpg,À COMPLÉTER
livretFernand_1_p5_l46.jpg,À COMPLÉTER
livretFernand_1_p5_l47.jpg,À COMPLÉTER
livretFernand_1_p5_l48.jpg,À COMPLÉTER
livretFernand_1_p5_l49.jpg,À COMPLÉTER
livretFernand_1_p5_l50.jpg,À COMPLÉTER
livretFernand_1_p5_l51.jpg,À COMPLÉTER
livretFernand_1_p5_l52.jpg,À COMPLÉTER
livretFernand_1_p5_l53.jpg,À COMPLÉTER
livretFernand_1_p5_l54.jpg,À COMPLÉTER
livretFernand_1_p5_l55.jpg,À COMPLÉTER
livretFernand_1_p5_l56.jpg,À COMPLÉTER
livretFernand_1_p5_l57.jpg,À COMPLÉTER
livretFernand_1_p5_l58.jpg,À COMPLÉTER
livretFernand_1_p5_l59.jpg,À COMPLÉTER
livretFernand_1_p5_l60.jpg,À COMPLÉTER
livretFernand_1_p5_l61.jpg,À COMPLÉTER
livretFernand_1_p5_l62.jpg,À COMPLÉTER
livretFernand_1_p5_l63.jpg,À COMPLÉTER
livretFernand_1_p5_l65.jpg,À COMPLÉTER
livretFernand_1_p5_l66.jpg,À COMPLÉTER
livretFernand_1_p5_l67.jpg,À COMPLÉTER
livretFernand_1_p5_l68.jpg,À COMPLÉTER
livretFernand_1_p5_l69.jpg,À COMPLÉTER
livretFernand_1_p5_l70.jpg,À COMPLÉTER
livretFernand_1_p5_l71.jpg,À COMPLÉTER
livretFernand_1_p5_l72.jpg,À COMPLÉTER
livretFernand_1_p5_l73.jpg,À COMPLÉTER
livretFernand_1_p5_l74.jpg,À COMPLÉTER
livretFernand_1_p5_l75.jpg,À COMPLÉTER
livretFernand_1_p5_l76.jpg,À COMPLÉTER
livretFernand_1_p5_l77.jpg,À COMPLÉTER
livretFernand_1_p5_l80.jpg,À COMPLÉTER
livretFernand_1_p5_l81.jpg,À COMPLÉTER
livretFernand_1_p5_l82.jpg,À COMPLÉTER
livretFernand_1_p5_l83.jpg,À COMPLÉTER
livretFernand_1_p5_l85.jpg,À COMPLÉTER
livretFernand_1_p5_l86.jpg,À COMPLÉTER
livretFernand_1_p5_l87.jpg,À COMPLÉTER
livretFernand_1_p5_l88.jpg,À COMPLÉTER
livretFernand_1_p5_l89.jpg,À COMPLÉTER
livretFernand_1_p5_l90.jpg,À COMPLÉTER
livretFernand_1_p5_l92.jpg,À COMPLÉTER
livretFernand_1_p5_l94.jpg,À COMPLÉTER
livretFernand_1_p5_l95.jpg,À COMPLÉTER
livretFernand_1_p5_l96.jpg,À COMPLÉTER
livretFernand_1_p5_l97.jpg,À COMPLÉTER
livretFernand_1_p5_l98.jpg,À COMPLÉTER
livretFernand_1_p5_l99.jpg,À COMPLÉTER
livretFernand_1_p5_l100.jpg,À COMPLÉTER
livretFernand_1_p5_l101.jpg,À COMPLÉTER
livretFernand_1_p5_l102.jpg,À COMPLÉTER
livretFernand_1_p5_l103.jpg,À COMPLÉTER
livretFernand_1_p5_l104.jpg,À COMPLÉTER
livretFernand_1_p5_l105.jpg,À COMPLÉTER
livretFernand_1_p5_l106.jpg,À COMPLÉTER
livretFernand_1_p5_l107.jpg,À COMPLÉTER
livretFernand_1_p5_l108.jpg,À COMPLÉTER
livretFernand_1_p5_l109.jpg,À COMPLÉTER
livretFernand_1_p5_l110.jpg,À COMPLÉTER
livretFernand_1_p5_l111.jpg,À COMPLÉTER
livretFernand_1_p5_l112.jpg,À COMPLÉTER
livretFernand_1_p5_l113.jpg,À COMPLÉTER
livretFernand_1_p5_l114.jpg,À COMPLÉTER
livretFernand_1_p5_l116.jpg,À COMPLÉTER
livretFernand_1_p5_l117.jpg,À COMPLÉTER
livretFernand_1_p5_l118.jpg,À COMPLÉTER
livretFernand_1_p5_l119.jpg,À COMPLÉTER
livretFernand_1_p5_l125.jpg,À COMPLÉTER
livretFernand_1_p5_l126.jpg,À COMPLÉTER
livretFernand_1_p5_l127.jpg,À COMPLÉTER
livretFernand_1_p5_l129.jpg,À COMPLÉTER
livretFernand_1_p5_l130.jpg,À COMPLÉTER
livretFernand_1_p5_l131.jpg,À COMPLÉTER
livretFernand_1_p5_l132.jpg,À COMPLÉTER
livretFernand_1_p5_l136.jpg,À COMPLÉTER
livretFernand_1_p5_l137.jpg,À COMPLÉTER
livretFernand_1_p5_l138.jpg,À COMPLÉTER
livretFernand_1_p5_l139.jpg,À COMPLÉTER
livretFernand_1_p5_l140.jpg,À COMPLÉTER
livretFernand_1_p5_l143.jpg,À COMPLÉTER
livretFernand_1_p5_l144.jpg,À COMPLÉTER
livretFernand_1_p5_l145.jpg,À COMPLÉTER
livretFernand_1_p5_l146.jpg,À COMPLÉTER
livretFernand_1_p5_l147.jpg,À COMPLÉTER
livretFernand_1_p5_l148.jpg,À COMPLÉTER
livretFernand_1_p5_l149.jpg,À COMPLÉTER
livretFernand_1_p5_l150.jpg,À COMPLÉTER
livretFernand_1_p5_l151.jpg,À COMPLÉTER
livretFernand_1_p5_l152.jpg,À COMPLÉTER
livretFernand_1_p5_l153.jpg,À COMPLÉTER
livretFernand_1_p5_l154.jpg,À COMPLÉTER
livretFernand_1_p5_l155.jpg,À COMPLÉTER
livretFernand_1_p5_l156.jpg,À COMPLÉTER
livretFernand_1_p5_l157.jpg,À COMPLÉTER
livretFernand_1_p5_l158.jpg,À COMPLÉTER
livretFernand_1_p5_l159.jpg,À COMPLÉTER
livretFernand_1_p5_l160.jpg,À COMPLÉTER
livretFernand_1_p5_l161.jpg,À COMPLÉTER
livretFernand_1_p5_l165.jpg,À COMPLÉTER
livretFernand_1_p5_l166.jpg,À COMPLÉTER
livretFernand_1_p5_l167.jpg,À COMPLÉTER
livretFernand_1_p5_l168.jpg,À COMPLÉTER
livretFernand_1_p5_l170.jpg,À COMPLÉTER
livretFernand_1_p5_l171.jpg,À COMPLÉTER
livretFernand_1_p5_l172.jpg,À COMPLÉTER
livretFernand_1_p5_l173.jpg,À COMPLÉTER
livretFernand_1_p5_l174.jpg,À COMPLÉTER
livretFernand_1_p5_l175.jpg,À COMPLÉTER
livretFernand_1_p5_l176.jpg,À COMPLÉTER
livretFernand_1_p5_l177.jpg,À COMPLÉTER
livretFernand_1_p5_l178.jpg,À COMPLÉTER
livretFernand_1_p5_l179.jpg,À COMPLÉTER
livretFernand_1_p5_l180.jpg,À COMPLÉTER
livretFernand_1_p5_l181.jpg,À COMPLÉTER
livretFernand_1_p5_l182.jpg,À COMPLÉTER
livretFernand_1_p5_l183.jpg,À COMPLÉTER
livretFernand_1_p5_l184.jpg,À COMPLÉTER
livretFernand_1_p5_l185.jpg,À COMPLÉTER
livretFernand_1_p5_l186.jpg,À COMPLÉTER
livretFernand_1_p5_l187.jpg,À COMPLÉTER
livretFernand_1_p5_l188.jpg,À COMPLÉTER
livretFernand_1_p5_l189.jpg,À COMPLÉTER
livretFernand_1_p5_l190.jpg,À COMPLÉTER
livretFernand_1_p5_l191.jpg,À COMPLÉTER
livretFernand_1_p5_l192.jpg,À COMPLÉTER
livretFernand_1_p5_l193.jpg,À COMPLÉTER
livretFernand_1_p5_l194.jpg,À COMPLÉTER
livretFernand_1_p5_l195.jpg,À COMPLÉTER
livretFernand_1_p5_l199.jpg,À COMPLÉTER
livretFernand_1_p5_l200.jpg,À COMPLÉTER
livretFernand_1_p5_l201.jpg,À COMPLÉTER
livretFernand_1_p5_l202.jpg,À COMPLÉTER
livretFernand_1_p5_l203.jpg,À COMPLÉTER
livretFernand_1_p5_l205.jpg,À COMPLÉTER
livretFernand_1_p5_l207.jpg,À COMPLÉTER
livretFernand_1_p5_l208.jpg,À COMPLÉTER
livretFernand_1_p5_l209.jpg,À COMPLÉTER
livretFernand_1_p5_l210.jpg,À COMPLÉTER
livretFernand_1_p5_l211.jpg,À COMPLÉTER
livretFernand_1_p5_l212.jpg,À COMPLÉTER
livretFernand_1_p5_l213.jpg,À COMPLÉTER
livretFernand_1_p5_l214.jpg,À COMPLÉTER
livretFernand_1_p5_l215.jpg,À COMPLÉTER
livretFernand_1_p5_l216.jpg,À COMPLÉTER
livretFernand_1_p5_l217.jpg,À COMPLÉTER
livretFernand_1_p5_l218.jpg,À COMPLÉTER
livretFernand_1_p5_l219.jpg,À COMPLÉTER
livretFernand_1_p5_l220.jpg,À COMPLÉTER
livretFernand_1_p5_l221.jpg,À COMPLÉTER
livretFernand_1_p5_l224.jpg,À COMPLÉTER
livretFernand_1_p5_l225.jpg,À COMPLÉTER
livretFernand_1_p5_l226.jpg,À COMPLÉTER
livretFernand_1_p5_l227.jpg,À COMPLÉTER
livretFernand_1_p5_l228.jpg,À COMPLÉTER
livretFernand_1_p5_l229.jpg,À COMPLÉTER
livretFernand_1_p5_l230.jpg,À COMPLÉTER
livretFernand_1_p5_l231.jpg,À COMPLÉTER
livretFernand_1_p5_l232.jpg,À COMPLÉTER
livretFernand_1_p5_l233.jpg,À COMPLÉTER
livretFernand_1_p5_l234.jpg,À COMPLÉTER
livretFernand_1_p5_l235.jpg,À COMPLÉTER
livretFernand_1_p5_l236.jpg,À COMPLÉTER
livretFernand_1_p5_l237.jpg,À COMPLÉTER
livretFernand_1_p5_l238.jpg,À COMPLÉTER
livretFernand_1_p5_l239.jpg,À COMPLÉTER
livretFernand_1_p5_l240.jpg,À COMPLÉTER
livretFernand_1_p5_l241.jpg,À COMPLÉTER
livretFernand_1_p5_l242.jpg,À COMPLÉTER
livretFernand_1_p5_l243.jpg,À COMPLÉTER
livretFernand_1_p5_l244.jpg,À COMPLÉTER
livretFernand_1_p5_l245.jpg,À COMPLÉTER
livretFernand_1_p5_l246.jpg,À COMPLÉTER
livretFernand_1_p5_l247.jpg,À COMPLÉTER
livretFernand_1_p5_l248.jpg,À COMPLÉTER
livretFernand_1_p5_l249.jpg,À COMPLÉTER
livretFernand_1_p5_l250.jpg,À COMPLÉTER
livretFernand_1_p5_l252.jpg,À COMPLÉTER
livretFernand_1_p5_l253.jpg,À COMPLÉTER
livretFernand_1_p5_l254.jpg,À COMPLÉTER
livretFernand_1_p5_l255.jpg,À COMPLÉTER
livretFernand_1_p5_l256.jpg,À COMPLÉTER
livretFernand_1_p5_l257.jpg,À COMPLÉTER
livretFernand_1_p5_l258.jpg,À COMPLÉTER
livretFernand_1_p5_l259.jpg,À COMPLÉTER
livretFernand_1_p5_l260.jpg,À COMPLÉTER
livretFernand_1_p5_l261.jpg,À COMPLÉTER
livretFernand_1_p5_l262.jpg,À COMPLÉTER
livretFernand_1_p5_l263.jpg,À COMPLÉTER
livretFernand_1_p5_l264.jpg,À COMPLÉTER
livretFernand_1_p5_l265.jpg,À COMPLÉTER
livretFernand_1_p5_l266.jpg,À COMPLÉTER
livretFernand_1_p5_l267.jpg,À COMPLÉTER
livretFernand_1_p5_l268.jpg,À COMPLÉTER
livretFernand_1_p5_l269.jpg,À COMPLÉTER
livretFernand_2_p0_l0.jpg,À COMPLÉTER
livretFernand_2_p0_l1.jpg,À COMPLÉTER
livretFernand_2_p0_l8.jpg,À COMPLÉTER
livretFernand_2_p0_l9.jpg,À COMPLÉTER
livretFernand_2_p0_l10.jpg,À COMPLÉTER
livretFernand_2_p0_l11.jpg,À COMPLÉTER
livretFernand_2_p0_l14.jpg,À COMPLÉTER
livretFernand_2_p0_l15.jpg,À COMPLÉTER
livretFernand_2_p0_l17.jpg,À COMPLÉTER
livretFernand_2_p0_l18.jpg,À COMPLÉTER
livretFernand_2_p0_l19.jpg,À COMPLÉTER
livretFernand_2_p0_l20.jpg,À COMPLÉTER
livretFernand_2_p0_l21.jpg,À COMPLÉTER
livretFernand_2_p0_l22.jpg,À COMPLÉTER
livretFernand_2_p0_l23.jpg,À COMPLÉTER
livretFernand_2_p0_l26.jpg,À COMPLÉTER
livretFernand_2_p0_l27.jpg,À COMPLÉTER
livretFernand_2_p0_l28.jpg,À COMPLÉTER
livretFernand_2_p0_l29.jpg,À COMPLÉTER
livretFernand_2_p0_l30.jpg,À COMPLÉTER
livretFernand_2_p0_l31.jpg,À COMPLÉTER
livretFernand_2_p0_l32.jpg,À COMPLÉTER
livretFernand_2_p0_l33.jpg,À COMPLÉTER
livretFernand_2_p0_l34.jpg,À COMPLÉTER
livretFernand_2_p0_l35.jpg,À COMPLÉTER
livretFernand_2_p0_l36.jpg,À COMPLÉTER
livretFernand_2_p0_l37.jpg,À COMPLÉTER
livretFernand_2_p0_l38.jpg,À COMPLÉTER
livretFernand_2_p0_l39.jpg,À COMPLÉTER
livretFernand_2_p0_l40.jpg,À COMPLÉTER
livretFernand_2_p0_l41.jpg,À COMPLÉTER
livretFernand_2_p0_l42.jpg,À COMPLÉTER
livretFernand_2_p0_l43.jpg,À COMPLÉTER
livretFernand_2_p0_l44.jpg,À COMPLÉTER
livretFernand_2_p0_l45.jpg,À COMPLÉTER
livretFernand_2_p0_l46.jpg,À COMPLÉTER
livretFernand_2_p0_l47.jpg,À COMPLÉTER
livretFernand_2_p0_l48.jpg,À COMPLÉTER
livretFernand_2_p0_l51.jpg,À COMPLÉTER
livretFernand_2_p0_l52.jpg,À COMPLÉTER
livretFernand_2_p0_l53.jpg,À COMPLÉTER
livretFernand_2_p0_l54.jpg,À COMPLÉTER
livretFernand_2_p0_l55.jpg,À COMPLÉTER
livretFernand_2_p0_l56.jpg,À COMPLÉTER
livretFernand_2_p0_l57.jpg,À COMPLÉTER
livretFernand_2_p0_l58.jpg,À COMPLÉTER
livretFernand_2_p0_l59.jpg,À COMPLÉTER
livretFernand_2_p0_l60.jpg,À COMPLÉTER
livretFernand_2_p0_l61.jpg,À COMPLÉTER
livretFernand_2_p0_l63.jpg,À COMPLÉTER
livretFernand_2_p0_l64.jpg,À COMPLÉTER
livretFernand_2_p0_l65.jpg,À COMPLÉTER
livretFernand_2_p0_l66.jpg,À COMPLÉTER
livretFernand_2_p0_l67.jpg,À COMPLÉTER
livretFernand_2_p0_l68.jpg,À COMPLÉTER
livretFernand_2_p0_l69.jpg,À COMPLÉTER
livretFernand_2_p0_l70.jpg,À COMPLÉTER
livretFernand_2_p0_l72.jpg,À COMPLÉTER
livretFernand_2_p0_l73.jpg,À COMPLÉTER
livretFernand_2_p0_l74.jpg,À COMPLÉTER
livretFernand_2_p0_l75.jpg,À COMPLÉTER
livretFernand_2_p0_l76.jpg,À COMPLÉTER
livretFernand_2_p0_l77.jpg,À COMPLÉTER
livretFernand_2_p0_l79.jpg,À COMPLÉTER
livretFernand_2_p0_l80.jpg,À COMPLÉTER
livretFernand_2_p0_l81.jpg,À COMPLÉTER
livretFernand_2_p0_l82.jpg,À COMPLÉTER
livretFernand_2_p0_l83.jpg,À COMPLÉTER
livretFernand_2_p0_l84.jpg,À COMPLÉTER
livretFernand_2_p0_l85.jpg,À COMPLÉTER
livretFernand_2_p0_l86.jpg,À COMPLÉTER
livretFernand_2_p0_l87.jpg,À COMPLÉTER
livretFernand_2_p0_l88.jpg,À COMPLÉTER
livretFernand_2_p0_l90.jpg,À COMPLÉTER
livretFernand_2_p0_l91.jpg,À COMPLÉTER
livretFernand_2_p0_l92.jpg,À COMPLÉTER
livretFernand_2_p0_l94.jpg,À COMPLÉTER
livretFernand_2_p0_l98.jpg,À COMPLÉTER
livretFernand_2_p0_l109.jpg,À COMPLÉTER
livretFernand_2_p0_l110.jpg,À COMPLÉTER
livretFernand_2_p0_l111.jpg,À COMPLÉTER
livretFernand_2_p0_l112.jpg,À COMPLÉTER
livretFernand_2_p0_l113.jpg,À COMPLÉTER
livretFernand_2_p0_l114.jpg,À COMPLÉTER
livretFernand_2_p0_l116.jpg,À COMPLÉTER
livretFernand_2_p0_l117.jpg,À COMPLÉTER
livretFernand_2_p0_l118.jpg,À COMPLÉTER
livretFernand_2_p0_l119.jpg,À COMPLÉTER
livretFernand_2_p0_l120.jpg,À COMPLÉTER
livretFernand_2_p0_l121.jpg,À COMPLÉTER
livretFernand_2_p0_l122.jpg,À COMPLÉTER
livretFernand_2_p0_l123.jpg,À COMPLÉTER
livretFernand_2_p0_l124.jpg,À COMPLÉTER
livretFernand_2_p0_l125.jpg,À COMPLÉTER
livretFernand_2_p0_l126.jpg,À COMPLÉTER
livretFernand_2_p0_l132.jpg,À COMPLÉTER
livretFernand_2_p0_l133.jpg,À COMPLÉTER
livretFernand_2_p0_l134.jpg,À COMPLÉTER
livretFernand_2_p0_l135.jpg,À COMPLÉTER
livretFernand_2_p0_l136.jpg,À COMPLÉTER
livretFernand_2_p0_l137.jpg,À COMPLÉTER
livretFernand_2_p0_l138.jpg,À COMPLÉTER
livretFernand_2_p0_l140.jpg,À COMPLÉTER
livretFernand_2_p0_l141.jpg,À COMPLÉTER
livretFernand_2_p0_l142.jpg,À COMPLÉTER
livretFernand_2_p0_l143.jpg,À COMPLÉTER
livretFernand_2_p0_l144.jpg,À COMPLÉTER
livretFernand_2_p0_l145.jpg,À COMPLÉTER
livretFernand_2_p0_l146.jpg,À COMPLÉTER
livretFernand_2_p0_l148.jpg,À COMPLÉTER
livretFernand_2_p0_l150.jpg,À COMPLÉTER
livretFernand_2_p0_l151.jpg,À COMPLÉTER
livretFernand_2_p0_l152.jpg,À COMPLÉTER
livretFernand_2_p0_l156.jpg,À COMPLÉTER
livretFernand_2_p0_l158.jpg,À COMPLÉTER
livretFernand_2_p0_l160.jpg,À COMPLÉTER
livretFernand_2_p0_l161.jpg,À COMPLÉTER
livretFernand_2_p0_l162.jpg,À COMPLÉTER
livretFernand_2_p0_l163.jpg,À COMPLÉTER
livretFernand_2_p0_l164.jpg,À COMPLÉTER
livretFernand_2_p0_l165.jpg,À COMPLÉTER
livretFernand_2_p0_l166.jpg,À COMPLÉTER
livretFernand_2_p0_l167.jpg,À COMPLÉTER
livretFernand_2_p0_l168.jpg,À COMPLÉTER
livretFernand_2_p0_l169.jpg,À COMPLÉTER
livretFernand_2_p0_l170.jpg,À COMPLÉTER
livretFernand_2_p0_l171.jpg,À COMPLÉTER
livretFernand_2_p0_l173.jpg,À COMPLÉTER
livretFernand_2_p0_l174.jpg,À COMPLÉTER
livretFernand_2_p0_l175.jpg,À COMPLÉTER
livretFernand_2_p0_l176.jpg,À COMPLÉTER
livretFernand_2_p0_l177.jpg,À COMPLÉTER
livretFernand_2_p0_l178.jpg,À COMPLÉTER
livretFernand_2_p0_l179.jpg,À COMPLÉTER
livretFernand_2_p0_l180.jpg,À COMPLÉTER
livretFernand_2_p0_l181.jpg,À COMPLÉTER
livretFernand_2_p0_l182.jpg,À COMPLÉTER
livretFernand_2_p0_l183.jpg,À COMPLÉTER
livretFernand_2_p0_l184.jpg,À COMPLÉTER
livretFernand_2_p0_l185.jpg,À COMPLÉTER
livretFernand_2_p0_l186.jpg,À COMPLÉTER
livretFernand_2_p0_l187.jpg,À COMPLÉTER
livretFernand_2_p0_l188.jpg,À COMPLÉTER
livretFernand_2_p0_l189.jpg,À COMPLÉTER
livretFernand_2_p0_l190.jpg,À COMPLÉTER
livretFernand_2_p0_l191.jpg,À COMPLÉTER
livretFernand_2_p0_l192.jpg,À COMPLÉTER
livretFernand_2_p0_l193.jpg,À COMPLÉTER
livretFernand_2_p0_l194.jpg,À COMPLÉTER
livretFernand_2_p0_l195.jpg,À COMPLÉTER
livretFernand_2_p0_l196.jpg,À COMPLÉTER
livretFernand_2_p0_l197.jpg,À COMPLÉTER
livretFernand_2_p0_l198.jpg,À COMPLÉTER
livretFernand_2_p0_l199.jpg,À COMPLÉTER
livretFernand_2_p0_l200.jpg,À COMPLÉTER
livretFernand_2_p0_l201.jpg,À COMPLÉTER
livretFernand_2_p0_l202.jpg,À COMPLÉTER
livretFernand_2_p0_l203.jpg,À COMPLÉTER
livretFernand_2_p0_l204.jpg,À COMPLÉTER
livretFernand_2_p0_l205.jpg,À COMPLÉTER
livretFernand_2_p0_l206.jpg,À COMPLÉTER
livretFernand_2_p0_l207.jpg,À COMPLÉTER
livretFernand_2_p0_l208.jpg,À COMPLÉTER
livretFernand_2_p0_l209.jpg,À COMPLÉTER
livretFernand_2_p0_l212.jpg,À COMPLÉTER
livretFernand_2_p0_l213.jpg,À COMPLÉTER
livretFernand_2_p0_l214.jpg,À COMPLÉTER
livretFernand_2_p0_l215.jpg,À COMPLÉTER
livretFernand_2_p0_l216.jpg,À COMPLÉTER
livretFernand_2_p0_l217.jpg,À COMPLÉTER
livretFernand_2_p0_l218.jpg,À COMPLÉTER
livretFernand_2_p0_l219.jpg,À COMPLÉTER
livretFernand_2_p0_l220.jpg,À COMPLÉTER
livretFernand_2_p0_l221.jpg,À COMPLÉTER
livretFernand_2_p0_l222.jpg,À COMPLÉTER
livretFernand_2_p0_l223.jpg,À COMPLÉTER
livretFernand_2_p0_l224.jpg,À COMPLÉTER
livretFernand_2_p0_l225.jpg,À COMPLÉTER
livretFernand_2_p0_l226.jpg,À COMPLÉTER
livretFernand_2_p0_l227.jpg,À COMPLÉTER
livretFernand_2_p0_l228.jpg,À COMPLÉTER
livretFernand_2_p0_l229.jpg,À COMPLÉTER
livretFernand_2_p0_l230.jpg,À COMPLÉTER
livretFernand_2_p0_l231.jpg,À COMPLÉTER
livretFernand_2_p0_l232.jpg,À COMPLÉTER
livretFernand_2_p0_l233.jpg,À COMPLÉTER
livretFernand_2_p0_l234.jpg,À COMPLÉTER
livretFernand_2_p0_l235.jpg,À COMPLÉTER
livretFernand_2_p0_l237.jpg,À COMPLÉTER
livretFernand_2_p0_l238.jpg,À COMPLÉTER
livretFernand_2_p0_l239.jpg,À COMPLÉTER
livretFernand_2_p0_l240.jpg,À COMPLÉTER
livretFernand_2_p0_l241.jpg,À COMPLÉTER
livretFernand_2_p0_l242.jpg,À COMPLÉTER
livretFernand_2_p0_l243.jpg,À COMPLÉTER
livretFernand_2_p0_l245.jpg,À COMPLÉTER
livretFernand_3_p0_l1.jpg,À COMPLÉTER
livretFernand_3_p0_l3.jpg,À COMPLÉTER
livretFernand_3_p0_l4.jpg,À COMPLÉTER
livretFernand_3_p0_l5.jpg,À COMPLÉTER
livretFernand_3_p0_l6.jpg,À COMPLÉTER
livretFernand_3_p0_l7.jpg,À COMPLÉTER
livretFernand_3_p0_l8.jpg,À COMPLÉTER
livretFernand_3_p0_l9.jpg,À COMPLÉTER
livretFernand_3_p0_l10.jpg,À COMPLÉTER
livretFernand_3_p0_l11.jpg,À COMPLÉTER
livretFernand_3_p0_l12.jpg,À COMPLÉTER
livretFernand_3_p0_l13.jpg,À COMPLÉTER
livretFernand_3_p0_l14.jpg,À COMPLÉTER
livretFernand_3_p0_l15.jpg,À COMPLÉTER
livretFernand_3_p0_l16.jpg,À COMPLÉTER
livretFernand_3_p0_l17.jpg,À COMPLÉTER
livretFernand_3_p0_l18.jpg,À COMPLÉTER
livretFernand_3_p0_l19.jpg,À COMPLÉTER
livretFernand_3_p0_l20.jpg,À COMPLÉTER
livretFernand_3_p0_l21.jpg,À COMPLÉTER
livretFernand_3_p0_l22.jpg,À COMPLÉTER
livretFernand_3_p0_l24.jpg,À COMPLÉTER
livretFernand_3_p0_l25.jpg,À COMPLÉTER
livretFernand_3_p0_l26.jpg,À COMPLÉTER
livretFernand_3_p0_l27.jpg,À COMPLÉTER
livretFernand_3_p0_l28.jpg,À COMPLÉTER
livretFernand_3_p0_l29.jpg,À COMPLÉTER
livretFernand_3_p0_l30.jpg,À COMPLÉTER
livretFernand_3_p0_l31.jpg,À COMPLÉTER
livretFernand_3_p0_l32.jpg,À COMPLÉTER
livretFernand_3_p0_l33.jpg,À COMPLÉTER
livretFernand_3_p0_l34.jpg,À COMPLÉTER
livretFernand_3_p0_l35.jpg,À COMPLÉTER
livretFernand_3_p0_l36.jpg,À COMPLÉTER
livretFernand_3_p0_l37.jpg,À COMPLÉTER
livretFernand_3_p0_l38.jpg,À COMPLÉTER
livretFernand_3_p0_l39.jpg,À COMPLÉTER
livretFernand_3_p0_l40.jpg,À COMPLÉTER
livretFernand_3_p0_l41.jpg,À COMPLÉTER
livretFernand_3_p0_l43.jpg,À COMPLÉTER
livretFernand_3_p0_l44.jpg,À COMPLÉTER
livretFernand_3_p0_l45.jpg,À COMPLÉTER
livretFernand_3_p0_l47.jpg,À COMPLÉTER
livretFernand_3_p0_l48.jpg,À COMPLÉTER
livretFernand_3_p0_l49.jpg,À COMPLÉTER
livretFernand_3_p0_l50.jpg,À COMPLÉTER
livretFernand_3_p0_l51.jpg,À COMPLÉTER
livretFernand_3_p0_l52.jpg,À COMPLÉTER
livretFernand_3_p0_l53.jpg,À COMPLÉTER
livretFernand_3_p0_l54.jpg,À COMPLÉTER
livretFernand_3_p0_l55.jpg,À COMPLÉTER
livretFernand_3_p0_l56.jpg,À COMPLÉTER
livretFernand_3_p0_l57.jpg,À COMPLÉTER
livretFernand_3_p0_l60.jpg,À COMPLÉTER
livretFernand_3_p0_l62.jpg,À COMPLÉTER
livretFernand_3_p0_l63.jpg,À COMPLÉTER
livretFernand_3_p0_l64.jpg,À COMPLÉTER
livretFernand_3_p0_l65.jpg,À COMPLÉTER
livretFernand_3_p0_l66.jpg,À COMPLÉTER
livretFernand_3_p0_l67.jpg,À COMPLÉTER
livretFernand_3_p0_l68.jpg,À COMPLÉTER
livretFernand_3_p0_l69.jpg,À COMPLÉTER
livretFernand_3_p0_l70.jpg,À COMPLÉTER
livretFernand_3_p0_l71.jpg,À COMPLÉTER
livretFernand_3_p0_l72.jpg,À COMPLÉTER
livretFernand_3_p0_l73.jpg,À COMPLÉTER
livretFernand_3_p0_l74.jpg,À COMPLÉTER
livretFernand_3_p0_l75.jpg,À COMPLÉTER
livretFernand_3_p0_l76.jpg,À COMPLÉTER
livretFernand_3_p0_l77.jpg,À COMPLÉTER
livretFernand_3_p0_l78.jpg,À COMPLÉTER
livretFernand_3_p0_l79.jpg,À COMPLÉTER
livretFernand_3_p0_l80.jpg,À COMPLÉTER
livretFernand_3_p0_l81.jpg,À COMPLÉTER
livretFernand_3_p0_l82.jpg,À COMPLÉTER
livretFernand_3_p0_l83.jpg,À COMPLÉTER
livretFernand_3_p0_l84.jpg,À COMPLÉTER
livretFernand_3_p0_l85.jpg,À COMPLÉTER
livretFernand_3_p0_l86.jpg,À COMPLÉTER
livretFernand_3_p0_l87.jpg,À COMPLÉTER
livretFernand_3_p0_l88.jpg,À COMPLÉTER
livretFernand_3_p0_l89.jpg,À COMPLÉTER
livretFernand_3_p0_l90.jpg,À COMPLÉTER
livretFernand_3_p0_l91.jpg,À COMPLÉTER
livretFernand_3_p0_l92.jpg,À COMPLÉTER
livretFernand_3_p0_l93.jpg,À COMPLÉTER
livretFernand_3_p0_l97.jpg,À COMPLÉTER
livretFernand_3_p0_l98.jpg,À COMPLÉTER
livretFernand_3_p0_l99.jpg,À COMPLÉTER
livretFernand_3_p0_l100.jpg,À COMPLÉTER
livretFernand_3_p0_l101.jpg,À COMPLÉTER
livretFernand_3_p0_l102.jpg,À COMPLÉTER
livretFernand_3_p0_l103.jpg,À COMPLÉTER
livretFernand_3_p0_l106.jpg,À COMPLÉTER
livretFernand_3_p0_l108.jpg,À COMPLÉTER
livretFernand_3_p0_l111.jpg,À COMPLÉTER
livretFernand_3_p0_l112.jpg,À COMPLÉTER
livretFernand_3_p0_l113.jpg,À COMPLÉTER
livretFernand_3_p0_l115.jpg,À COMPLÉTER
livretFernand_3_p0_l116.jpg,À COMPLÉTER
livretFernand_3_p0_l117.jpg,À COMPLÉTER
livretFernand_3_p0_l120.jpg,À COMPLÉTER
livretFernand_3_p0_l121.jpg,À COMPLÉTER
livretFernand_3_p0_l123.jpg,À COMPLÉTER
livretFernand_3_p0_l124.jpg,À COMPLÉTER
livretFernand_3_p0_l125.jpg,À COMPLÉTER
livretFernand_3_p0_l126.jpg,À COMPLÉTER
livretFernand_3_p0_l127.jpg,À COMPLÉTER
livretFernand_3_p0_l128.jpg,À COMPLÉTER
livretFernand_3_p0_l129.jpg,À COMPLÉTER
livretFernand_3_p0_l130.jpg,À COMPLÉTER
livretFernand_3_p0_l131.jpg,À COMPLÉTER
livretFernand_3_p0_l132.jpg,À COMPLÉTER
livretFernand_3_p0_l133.jpg,À COMPLÉTER
livretFernand_3_p0_l134.jpg,À COMPLÉTER
livretFernand_3_p0_l135.jpg,À COMPLÉTER
livretFernand_3_p0_l136.jpg,À COMPLÉTER
livretFernand_3_p0_l137.jpg,À COMPLÉTER
livretFernand_3_p0_l138.jpg,À COMPLÉTER
livretFernand_3_p0_l139.jpg,À COMPLÉTER
livretFernand_3_p0_l140.jpg,À COMPLÉTER
livretFernand_3_p0_l141.jpg,À COMPLÉTER
livretFernand_3_p0_l142.jpg,À COMPLÉTER
livretFernand_3_p0_l143.jpg,À COMPLÉTER
livretFernand_3_p0_l144.jpg,À COMPLÉTER
livretFernand_3_p0_l145.jpg,À COMPLÉTER
livretFernand_3_p0_l146.jpg,À COMPLÉTER
livretFernand_3_p0_l147.jpg,À COMPLÉTER
livretFernand_3_p0_l148.jpg,À COMPLÉTER
livretFernand_3_p0_l149.jpg,À COMPLÉTER
livretFernand_3_p0_l150.jpg,À COMPLÉTER
livretFernand_3_p0_l151.jpg,À COMPLÉTER
livretFernand_3_p0_l152.jpg,À COMPLÉTER
livretFernand_3_p0_l153.jpg,À COMPLÉTER
livretFernand_3_p0_l155.jpg,À COMPLÉTER
livretFernand_3_p0_l157.jpg,À COMPLÉTER
livretFernand_3_p0_l159.jpg,À COMPLÉTER
livretFernand_3_p0_l160.jpg,À COMPLÉTER
livretFernand_3_p0_l161.jpg,À COMPLÉTER
livretFernand_3_p0_l162.jpg,À COMPLÉTER
livretFernand_3_p0_l163.jpg,À COMPLÉTER
livretFernand_3_p0_l164.jpg,À COMPLÉTER
livretFernand_3_p0_l165.jpg,À COMPLÉTER
livretFernand_3_p0_l166.jpg,À COMPLÉTER
livretFernand_3_p0_l167.jpg,À COMPLÉTER
livretFernand_3_p0_l168.jpg,À COMPLÉTER
livretFernand_3_p0_l170.jpg,À COMPLÉTER
livretFernand_3_p0_l171.jpg,À COMPLÉTER
livretFernand_3_p0_l173.jpg,À COMPLÉTER
livretFernand_3_p0_l174.jpg,À COMPLÉTER
livretFernand_3_p0_l175.jpg,À COMPLÉTER
livretFernand_3_p0_l178.jpg,À COMPLÉTER
livretFernand_3_p0_l180.jpg,À COMPLÉTER
livretFernand_3_p0_l181.jpg,À COMPLÉTER
livretFernand_3_p0_l182.jpg,À COMPLÉTER
livretFernand_3_p0_l183.jpg,À COMPLÉTER
livretFernand_3_p0_l192.jpg,À COMPLÉTER
livretFernand_3_p0_l193.jpg,À COMPLÉTER
livretFernand_3_p0_l195.jpg,À COMPLÉTER
livretFernand_3_p0_l196.jpg,À COMPLÉTER
livretFernand_3_p0_l197.jpg,À COMPLÉTER
livretFernand_3_p0_l199.jpg,À COMPLÉTER
livretFernand_3_p0_l200.jpg,À COMPLÉTER
livretFernand_3_p0_l201.jpg,À COMPLÉTER
livretFernand_3_p0_l202.jpg,À COMPLÉTER
livretFernand_3_p0_l203.jpg,À COMPLÉTER
livretFernand_3_p0_l204.jpg,À COMPLÉTER
livretFernand_3_p0_l205.jpg,À COMPLÉTER
livretFernand_3_p0_l206.jpg,À COMPLÉTER
livretFernand_3_p0_l207.jpg,À COMPLÉTER
livretFernand_3_p0_l208.jpg,À COMPLÉTER
livretFernand_3_p0_l209.jpg,À COMPLÉTER
livretFernand_3_p0_l210.jpg,À COMPLÉTER
livretFernand_3_p0_l211.jpg,À COMPLÉTER
livretFernand_3_p0_l212.jpg,À COMPLÉTER
livretFernand_3_p0_l213.jpg,À COMPLÉTER
livretFernand_3_p0_l214.jpg,À COMPLÉTER
livretFernand_3_p0_l215.jpg,À COMPLÉTER
livretFernand_3_p0_l216.jpg,À COMPLÉTER
livretFernand_3_p0_l217.jpg,À COMPLÉTER
livretFernand_3_p0_l218.jpg,À COMPLÉTER
livretFernand_3_p0_l219.jpg,À COMPLÉTER
livretFernand_3_p0_l220.jpg,À COMPLÉTER
livretFernand_3_p0_l221.jpg,À COMPLÉTER
livretFernand_3_p0_l222.jpg,À COMPLÉTER
livretFernand_3_p0_l223.jpg,À COMPLÉTER
livretFernand_3_p0_l224.jpg,À COMPLÉTER
livretFernand_3_p0_l225.jpg,À COMPLÉTER
livretFernand_3_p0_l227.jpg,À COMPLÉTER
livretFernand_3_p0_l228.jpg,À COMPLÉTER
livretFernand_3_p0_l229.jpg,À COMPLÉTER
livretFernand_3_p0_l230.jpg,À COMPLÉTER
livretFernand_3_p0_l231.jpg,À COMPLÉTER
livretFernand_3_p0_l234.jpg,À COMPLÉTER
livretFernand_3_p0_l235.jpg,À COMPLÉTER
livretFernand_3_p0_l236.jpg,À COMPLÉTER
livretFernand_3_p0_l238.jpg,À COMPLÉTER
livretFernand_3_p0_l239.jpg,À COMPLÉTER
livretFernand_3_p0_l240.jpg,À COMPLÉTER
livretFernand_3_p0_l241.jpg,À COMPLÉTER
livretFernand_3_p0_l243.jpg,À COMPLÉTER
livretFernand_3_p0_l245.jpg,À COMPLÉTER
livretFernand_3_p0_l246.jpg,À COMPLÉTER
livretFernand_3_p0_l249.jpg,À COMPLÉTER
livretFernand_3_p0_l250.jpg,À COMPLÉTER
livretFernand_3_p0_l251.jpg,À COMPLÉTER
livretFernand_3_p0_l252.jpg,À COMPLÉTER
livretFernand_3_p0_l253.jpg,À COMPLÉTER
livretFernand_3_p0_l254.jpg,À COMPLÉTER
livretFernand_3_p0_l255.jpg,À COMPLÉTER
livretFernand_3_p0_l256.jpg,À COMPLÉTER
livretFernand_3_p0_l257.jpg,À COMPLÉTER
livretFernand_3_p0_l260.jpg,À COMPLÉTER
livretFernand_3_p0_l261.jpg,À COMPLÉTER
livretFernand_3_p0_l262.jpg,À COMPLÉTER
livretFernand_3_p0_l263.jpg,À COMPLÉTER
livretFernand_3_p0_l264.jpg,À COMPLÉTER
livretFernand_3_p0_l265.jpg,À COMPLÉTER
livretFernand_3_p0_l266.jpg,À COMPLÉTER
livretFernand_3_p0_l267.jpg,À COMPLÉTER
livretFernand_3_p0_l268.jpg,À COMPLÉTER
livretFernand_3_p0_l269.jpg,À COMPLÉTER
livretFernand_3_p0_l270.jpg,À COMPLÉTER
livretFernand_3_p0_l271.jpg,À COMPLÉTER
livretFernand_3_p0_l272.jpg,À COMPLÉTER
livretFernand_3_p0_l273.jpg,À COMPLÉTER
livretFernand_3_p0_l274.jpg,À COMPLÉTER
